Loan_ID,Gender,Married,Dependents,Education,Self_Employed,ApplicantIncome,CoapplicantIncome,LoanAmount,Loan_Amount_Term,Credit_History,Property_Area,Loan_Status,TotalIncome,EMI,Income_EMI_Ratio,Balance_Income,Log_TotalIncome,Log_LoanAmount
LP001002,1,0,0,0,0,5849,0.0,128.0,360.0,1,2,,5849.0,355.55555555555554,16.4503125,5493.444444444444,8.674196940225903,4.859812404361672
LP001003,1,1,1,0,0,4583,1508.0,128.0,360.0,1,0,,6091.0,355.55555555555554,17.1309375,5735.444444444444,8.714731714015052,4.859812404361672
LP001005,1,1,0,0,1,3000,0.0,66.0,360.0,1,2,,3000.0,183.33333333333334,16.363636363636363,2816.6666666666665,8.006700845440367,4.204692619390966
LP001006,1,1,0,1,0,2583,2358.0,120.0,360.0,1,2,,4941.0,333.3333333333333,14.823,4607.666666666667,8.505525386548555,4.795790545596741
LP001008,1,0,0,0,0,6000,0.0,141.0,360.0,1,2,,6000.0,391.6666666666667,15.319148936170212,5608.333333333333,8.699681400989514,4.955827057601261
LP001011,1,1,2,0,1,5417,4196.0,267.0,360.0,1,2,,9613.0,741.6666666666666,12.961348314606742,8871.333333333334,9.170975648453906,5.5909869805108565
LP001013,1,1,0,1,0,2333,1516.0,95.0,360.0,1,2,,3849.0,263.8888888888889,14.585684210526315,3585.1111111111113,8.25582842728183,4.564348191467836
LP001014,1,1,3,0,0,3036,2504.0,158.0,360.0,0,1,,5540.0,438.8888888888889,12.622784810126582,5101.111111111111,8.61993026886735,5.0689042022202315
LP001018,1,1,2,0,0,4006,1526.0,168.0,360.0,1,2,,5532.0,466.6666666666667,11.854285714285714,5065.333333333333,8.618485442898109,5.1298987149230735
LP001020,1,1,1,0,0,12841,10968.0,349.0,360.0,1,1,,23809.0,969.4444444444445,24.55942693409742,22839.555555555555,10.077860939480908,5.857933154483459
LP001024,1,1,2,0,0,3200,700.0,70.0,360.0,1,2,,3900.0,194.44444444444446,20.057142857142857,3705.5555555555557,8.268988209506656,4.2626798770413155
LP001027,1,1,2,0,0,2500,1840.0,109.0,360.0,1,2,,4340.0,302.77777777777777,14.333944954128441,4037.222222222222,8.375860015299594,4.700480365792417
LP001028,1,1,2,0,0,3073,8106.0,200.0,360.0,1,2,,11179.0,555.5555555555555,20.1222,10623.444444444445,9.32188174670909,5.303304908059076
LP001029,1,0,0,0,0,1853,2840.0,114.0,360.0,1,0,,4693.0,316.6666666666667,14.819999999999999,4376.333333333333,8.454040376410969,4.74493212836325
LP001030,1,1,2,0,0,1299,1086.0,17.0,120.0,1,2,,2385.0,141.66666666666666,16.83529411764706,2243.3333333333335,7.777373602657861,2.8903717578961645
LP001032,1,0,0,0,0,4950,0.0,125.0,360.0,1,2,,4950.0,347.22222222222223,14.256,4602.777777777777,8.507344855361422,4.836281906951478
LP001034,1,0,1,1,0,3596,0.0,100.0,240.0,1,2,,3596.0,416.6666666666667,8.6304,3179.3333333333335,8.187855443695623,4.61512051684126
LP001036,0,0,0,0,0,3510,0.0,76.0,360.0,0,2,,3510.0,211.11111111111111,16.626315789473683,3298.8888888888887,8.163656176168432,4.343805421853684
LP001038,1,1,0,1,0,4887,0.0,133.0,360.0,1,0,,4887.0,369.44444444444446,13.22796992481203,4517.555555555556,8.494538500851432,4.897839799950911
LP001041,1,1,0,0,0,2600,3500.0,115.0,360.0,1,2,,6100.0,319.44444444444446,19.09565217391304,5780.555555555556,8.716207971151853,4.7535901911063645
LP001043,1,1,0,1,0,7660,0.0,104.0,360.0,0,2,,7660.0,288.8888888888889,26.515384615384612,7371.111111111111,8.94389780251682,4.653960350157523
LP001046,1,1,1,0,0,5955,5625.0,315.0,360.0,1,2,,11580.0,875.0,13.234285714285715,10705.0,9.357121103184378,5.755742213586912
LP001047,1,1,0,1,0,2600,1911.0,116.0,360.0,0,1,,4511.0,322.22222222222223,13.999655172413792,4188.777777777777,8.414495793177895,4.762173934797756
LP001050,1,1,2,1,0,3365,1917.0,112.0,360.0,0,0,,5282.0,311.1111111111111,16.977857142857143,4970.888888888889,8.572249397164315,4.727387818712341
LP001052,1,1,1,0,0,3717,2925.0,151.0,360.0,1,1,,6642.0,419.44444444444446,15.83523178807947,6222.555555555556,8.80131894766524,5.0238805208462765
LP001066,1,1,0,0,1,9560,0.0,191.0,360.0,1,1,,9560.0,530.5555555555555,18.018848167539268,9029.444444444445,9.165447603085447,5.2574953720277815
LP001068,1,1,0,0,0,2799,2253.0,122.0,360.0,1,1,,5052.0,338.8888888888889,14.907540983606557,4713.111111111111,8.527737405291909,4.812184355372417
LP001073,1,1,2,1,0,4226,1040.0,110.0,360.0,1,2,,5266.0,305.55555555555554,17.23418181818182,4960.444444444444,8.569216219483389,4.709530201312334
LP001086,1,0,0,1,0,1442,0.0,35.0,360.0,1,2,,1442.0,97.22222222222223,14.831999999999999,1344.7777777777778,7.274479558773871,3.58351893845611
LP001087,0,0,2,0,0,3750,2083.0,120.0,360.0,1,1,,5833.0,333.3333333333333,17.499000000000002,5499.666666666667,8.671458150427666,4.795790545596741
LP001091,1,1,1,0,0,4166,3369.0,201.0,360.0,1,2,,7535.0,558.3333333333334,13.495522388059701,6976.666666666667,8.927446816256198,5.308267697401205
LP001095,1,0,0,0,0,3167,0.0,74.0,360.0,1,2,,3167.0,205.55555555555554,15.407027027027027,2961.4444444444443,8.060855752934316,4.31748811353631
LP001097,1,0,1,0,1,4692,0.0,106.0,360.0,1,0,,4692.0,294.44444444444446,15.93509433962264,4397.555555555556,8.453827315794417,4.672828834461906
LP001098,1,1,0,0,0,3500,1667.0,114.0,360.0,1,1,,5167.0,316.6666666666667,16.316842105263156,4850.333333333333,8.550241045462437,4.74493212836325
LP001100,1,0,3,0,0,12500,3000.0,320.0,360.0,1,0,,15500.0,888.8888888888889,17.4375,14611.111111111111,9.648659816955295,5.771441123130016
LP001106,1,1,0,0,0,2275,2067.0,128.0,360.0,1,2,,4342.0,355.55555555555554,12.211875000000001,3986.4444444444443,8.376320632534823,4.859812404361672
LP001109,1,1,0,0,0,1828,1330.0,100.0,360.0,0,2,,3158.0,277.77777777777777,11.3688,2880.222222222222,8.058010800802085,4.61512051684126
LP001112,0,1,0,0,0,3667,1459.0,144.0,360.0,1,1,,5126.0,400.0,12.815,4726.0,8.5422759717837,4.976733742420574
LP001114,1,0,0,0,0,4166,7210.0,184.0,360.0,1,2,,11376.0,511.1111111111111,22.257391304347827,10864.888888888889,9.339349052539717,5.220355825078324
LP001116,1,0,0,1,0,3748,1668.0,110.0,360.0,1,1,,5416.0,305.55555555555554,17.72509090909091,5110.444444444444,8.597297435657898,4.709530201312334
LP001119,1,0,0,0,0,3600,0.0,80.0,360.0,1,2,,3600.0,222.22222222222223,16.2,3377.777777777778,8.188966863648876,4.394449154672439
LP001120,1,0,0,0,0,1800,1213.0,47.0,360.0,1,2,,3013.0,130.55555555555554,23.07829787234043,2882.4444444444443,8.01102337918644,3.871201010907891
LP001123,1,1,0,0,0,2400,0.0,75.0,360.0,1,2,,2400.0,208.33333333333334,11.52,2191.6666666666665,7.783640596221253,4.330733340286331
LP001131,1,1,0,0,0,3941,2336.0,134.0,360.0,1,1,,6277.0,372.22222222222223,16.86358208955224,5904.777777777777,8.744806737401898,4.90527477843843
LP001136,1,1,0,1,1,4695,0.0,96.0,360.0,1,2,,4695.0,266.6666666666667,17.60625,4428.333333333333,8.454466361507933,4.574710978503383
LP001137,0,0,0,0,0,3410,0.0,88.0,360.0,1,2,,3410.0,244.44444444444446,13.95,3165.5555555555557,8.134760782418645,4.48863636973214
LP001138,1,1,1,0,0,5649,0.0,44.0,360.0,1,2,,5649.0,122.22222222222223,46.21909090909091,5526.777777777777,8.639410824140487,3.8066624897703196
LP001144,1,1,0,0,0,5821,0.0,144.0,360.0,1,2,,5821.0,400.0,14.5525,5421.0,8.669399124305569,4.976733742420574
LP001146,0,1,0,0,0,2645,3440.0,120.0,360.0,0,2,,6085.0,333.3333333333333,18.255000000000003,5751.666666666667,8.713746330456916,4.795790545596741
LP001151,0,0,0,0,0,4000,2275.0,144.0,360.0,1,1,,6275.0,400.0,15.6875,5875.0,8.744488113852924,4.976733742420574
LP001155,0,1,0,1,0,1928,1644.0,100.0,360.0,1,1,,3572.0,277.77777777777777,12.8592,3294.222222222222,8.181160858023409,4.61512051684126
LP001157,0,0,0,0,0,3086,0.0,120.0,360.0,1,1,,3086.0,333.3333333333333,9.258000000000001,2752.6666666666665,8.034955024502159,4.795790545596741
LP001164,0,0,0,0,0,4230,0.0,112.0,360.0,1,1,,4230.0,311.1111111111111,13.596428571428573,3918.8888888888887,8.350193650720067,4.727387818712341
LP001179,1,1,2,0,0,4616,0.0,134.0,360.0,1,2,,4616.0,372.22222222222223,12.401194029850746,4243.777777777777,8.43750042250699,4.90527477843843
LP001186,0,1,1,0,1,11500,0.0,286.0,360.0,0,2,,11500.0,794.4444444444445,14.475524475524475,10705.555555555555,9.350189267092581,5.659482215759621
LP001194,1,1,2,0,0,2708,1167.0,97.0,360.0,1,1,,3875.0,269.44444444444446,14.38144329896907,3605.5555555555557,8.262558973010657,4.584967478670572
LP001195,1,1,0,0,0,2132,1591.0,96.0,360.0,1,1,,3723.0,266.6666666666667,13.96125,3456.3333333333335,8.222553638396958,4.574710978503383
LP001197,1,1,0,0,0,3366,2200.0,135.0,360.0,1,0,,5566.0,375.0,14.842666666666666,5191.0,8.624611588183507,4.912654885736052
LP001198,1,1,1,0,0,8080,2250.0,180.0,360.0,1,2,,10330.0,500.0,20.66,9830.0,9.242904362849446,5.198497031265826
LP001199,1,1,2,1,0,3357,2859.0,144.0,360.0,1,2,,6216.0,400.0,15.54,5816.0,8.735042754269337,4.976733742420574
LP001205,1,1,0,0,0,2500,3796.0,120.0,360.0,1,2,,6296.0,333.3333333333333,18.888,5962.666666666667,8.747828608488742,4.795790545596741
LP001206,1,1,3,0,0,3029,0.0,99.0,360.0,1,2,,3029.0,275.0,11.014545454545454,2754.0,8.016317898503415,4.605170185988092
LP001207,1,1,0,1,1,2609,3449.0,165.0,180.0,0,0,,6058.0,916.6666666666666,6.608727272727273,5141.333333333333,8.70930004894499,5.111987788356544
LP001213,1,1,1,0,0,4945,0.0,128.0,360.0,0,0,,4945.0,355.55555555555554,13.9078125,4589.444444444444,8.506334448081361,4.859812404361672
LP001222,0,0,0,0,0,4166,0.0,116.0,360.0,0,1,,4166.0,322.22222222222223,12.928965517241378,3843.777777777778,8.334951631422454,4.762173934797756
LP001225,1,1,0,0,0,5726,4595.0,258.0,360.0,1,1,,10321.0,716.6666666666666,14.40139534883721,9604.333333333334,9.242032818708672,5.556828061699537
LP001228,1,0,0,1,0,3200,2254.0,126.0,180.0,0,2,,5454.0,700.0,7.791428571428572,4754.0,8.604287898267172,4.844187086458591
LP001233,1,1,1,0,0,10750,0.0,312.0,360.0,1,2,,10750.0,866.6666666666666,12.403846153846155,9883.333333333334,9.282754052485227,5.746203190540153
LP001238,1,1,3,1,1,7100,0.0,125.0,60.0,1,2,,7100.0,2083.3333333333335,3.408,5016.666666666666,8.867990898182093,4.836281906951478
LP001241,0,0,0,0,0,4300,0.0,136.0,360.0,0,1,,4300.0,377.77777777777777,11.382352941176471,3922.222222222222,8.366602832783736,4.919980925828125
LP001243,1,1,0,0,0,3208,3066.0,172.0,360.0,1,2,,6274.0,477.77777777777777,13.131627906976744,5796.222222222223,8.744328763999984,5.153291594497779
LP001245,1,1,2,1,1,1875,1875.0,97.0,360.0,1,1,,3750.0,269.44444444444446,13.917525773195875,3480.5555555555557,8.229777750081887,4.584967478670572
LP001248,1,0,0,0,0,3500,0.0,81.0,300.0,1,1,,3500.0,270.0,12.962962962962964,3230.0,8.160803920954665,4.406719247264253
LP001250,1,1,3,1,0,4755,0.0,95.0,360.0,0,1,,4755.0,263.8888888888889,18.018947368421053,4491.111111111111,8.467162257810672,4.564348191467836
LP001253,1,1,3,0,1,5266,1774.0,187.0,360.0,1,1,,7040.0,519.4444444444445,13.552941176470588,6520.555555555556,8.859505484519133,5.236441962829949
LP001255,1,0,0,0,0,3750,0.0,113.0,480.0,1,2,,3750.0,235.41666666666666,15.929203539823009,3514.5833333333335,8.229777750081887,4.736198448394496
LP001256,1,0,0,0,0,3750,4750.0,176.0,360.0,1,2,,8500.0,488.8888888888889,17.386363636363637,8011.111111111111,9.04793908261736,5.176149732573829
LP001259,1,1,1,0,1,1000,3022.0,110.0,360.0,1,2,,4022.0,305.55555555555554,13.162909090909091,3716.4444444444443,8.299783171949787,4.709530201312334
LP001263,1,1,3,0,0,3167,4000.0,180.0,300.0,0,1,,7167.0,600.0,11.945,6567.0,8.877381954654766,5.198497031265826
LP001264,1,1,3,1,1,3333,2166.0,130.0,360.0,1,1,,5499.0,361.1111111111111,15.228000000000002,5137.888888888889,8.612503371220562,4.875197323201151
LP001265,0,0,0,0,0,3846,0.0,111.0,360.0,1,1,,3846.0,308.3333333333333,12.473513513513515,3537.6666666666665,8.255048902752295,4.718498871295094
LP001266,1,1,1,0,1,2395,0.0,128.0,360.0,1,1,,2395.0,355.55555555555554,6.7359375,2039.4444444444443,7.78155595923534,4.859812404361672
LP001267,0,1,2,0,0,1378,1881.0,167.0,360.0,1,2,,3259.0,463.8888888888889,7.025389221556886,2795.1111111111113,8.089482474360754,5.123963979403259
LP001273,1,1,0,0,0,6000,2250.0,265.0,360.0,1,1,,8250.0,736.1111111111111,11.20754716981132,7513.888888888889,9.018089684104343,5.583496308781699
LP001275,1,1,1,0,0,3988,0.0,50.0,240.0,1,2,,3988.0,208.33333333333334,19.1424,3779.6666666666665,8.291295851905407,3.9318256327243257
LP001279,1,0,0,0,0,2366,2531.0,136.0,360.0,1,1,,4897.0,377.77777777777777,12.96264705882353,4519.222222222223,8.496582237512113,4.919980925828125
LP001280,1,1,2,1,0,3333,2000.0,99.0,360.0,1,1,,5333.0,275.0,19.392727272727274,5058.0,8.58185670474196,4.605170185988092
LP001282,1,1,0,0,0,2500,2118.0,104.0,360.0,1,1,,4618.0,288.8888888888889,15.985384615384614,4329.111111111111,8.437933510430605,4.653960350157523
LP001289,1,0,0,0,0,8566,0.0,210.0,360.0,1,2,,8566.0,583.3333333333334,14.684571428571427,7982.666666666667,9.055672891964043,5.351858133476067
LP001310,1,1,0,0,0,5695,4167.0,175.0,360.0,1,1,,9862.0,486.1111111111111,20.287542857142856,9375.888888888889,9.196545660953994,5.170483995038151
LP001316,1,1,0,0,0,2958,2900.0,131.0,360.0,1,1,,5858.0,363.8888888888889,16.098320610687022,5494.111111111111,8.675734219544788,4.882801922586371
LP001318,1,1,2,0,0,6250,5654.0,188.0,180.0,1,1,,11904.0,1044.4444444444443,11.39744680851064,10859.555555555555,9.384713758920963,5.241747015059643
LP001319,1,1,2,1,0,3273,1820.0,81.0,360.0,1,2,,5093.0,225.0,22.635555555555555,4868.0,8.535818655539403,4.406719247264253
LP001322,1,0,0,0,0,4133,0.0,122.0,360.0,1,1,,4133.0,338.8888888888889,12.195737704918033,3794.1111111111113,8.327000740241713,4.812184355372417
LP001325,1,0,0,1,0,3620,0.0,25.0,120.0,1,1,,3620.0,208.33333333333334,17.375999999999998,3411.6666666666665,8.19450550976564,3.258096538021482
LP001326,1,0,0,0,0,6782,0.0,128.0,360.0,1,2,,6782.0,355.55555555555554,19.074375,6426.444444444444,8.82217476094608,4.859812404361672
LP001327,0,1,0,0,0,2484,2302.0,137.0,360.0,1,1,,4786.0,380.55555555555554,12.576350364963504,4405.444444444444,8.473659189392508,4.927253685157205
LP001333,1,1,0,0,0,1977,997.0,50.0,360.0,1,1,,2974.0,138.88888888888889,21.4128,2835.1111111111113,7.99799931797973,3.9318256327243257
LP001334,1,1,0,1,0,4188,0.0,115.0,180.0,1,1,,4188.0,638.8888888888889,6.555130434782608,3549.1111111111113,8.340217320947035,4.7535901911063645
LP001343,1,1,0,0,0,1759,3541.0,131.0,360.0,1,1,,5300.0,363.8888888888889,14.564885496183205,4936.111111111111,8.575650760987806,4.882801922586371
LP001345,1,1,2,1,0,4288,3263.0,133.0,180.0,1,2,,7551.0,738.8888888888889,10.2193984962406,6812.111111111111,8.929567707825337,4.897839799950911
LP001349,1,0,0,0,0,4843,3806.0,151.0,360.0,1,1,,8649.0,419.44444444444446,20.620132450331127,8229.555555555555,9.065314599925925,5.0238805208462765
LP001350,1,1,0,0,0,13650,0.0,128.0,360.0,1,2,,13650.0,355.55555555555554,38.390625,13294.444444444445,9.521568058002977,4.859812404361672
LP001356,1,1,0,0,0,4652,3583.0,128.0,360.0,1,1,,8235.0,355.55555555555554,23.1609375,7879.444444444444,9.01627006814768,4.859812404361672
LP001357,1,1,0,0,0,3816,754.0,160.0,360.0,1,2,,4570.0,444.44444444444446,10.282499999999999,4125.555555555556,8.427487278331744,5.081404364984463
LP001367,1,1,1,0,0,3052,1030.0,100.0,360.0,1,2,,4082.0,277.77777777777777,14.6952,3804.222222222222,8.314587291319576,4.61512051684126
LP001369,1,1,2,0,0,11417,1126.0,225.0,360.0,1,2,,12543.0,625.0,20.0688,11918.0,9.436997742590188,5.420534999272286
LP001370,1,0,0,1,0,7333,0.0,120.0,360.0,1,0,,7333.0,333.3333333333333,21.999000000000002,6999.666666666667,8.900276348631271,4.795790545596741
LP001379,1,1,2,0,0,3800,3600.0,216.0,360.0,0,2,,7400.0,600.0,12.333333333333334,6800.0,8.909370405197466,5.37989735354046
LP001384,1,1,3,1,0,2071,754.0,94.0,480.0,1,1,,2825.0,195.83333333333334,14.425531914893616,2629.1666666666665,7.946617563244473,4.553876891600541
LP001385,1,0,0,0,0,5316,0.0,136.0,360.0,1,2,,5316.0,377.77777777777777,14.071764705882353,4938.222222222223,8.57866451350434,4.919980925828125
LP001387,0,1,0,0,0,2929,2333.0,139.0,360.0,1,1,,5262.0,386.1111111111111,13.628201438848922,4875.888888888889,8.56845648535378,4.941642422609304
LP001391,1,1,0,1,0,3572,4114.0,152.0,360.0,0,0,,7686.0,422.22222222222223,18.203684210526315,7263.777777777777,8.947285869349132,5.030437921392435
LP001392,0,0,1,0,1,7451,0.0,128.0,360.0,1,1,,7451.0,355.55555555555554,20.9559375,7095.444444444444,8.916237731721479,4.859812404361672
LP001398,1,0,0,0,0,5050,0.0,118.0,360.0,1,1,,5050.0,327.77777777777777,15.40677966101695,4722.222222222223,8.527341522468053,4.77912349311153
LP001401,1,1,1,0,0,14583,0.0,185.0,180.0,1,0,,14583.0,1027.7777777777778,14.188864864864865,13555.222222222223,9.5876803163585,5.225746673713202
LP001404,0,1,0,0,0,3167,2283.0,154.0,360.0,1,1,,5450.0,427.77777777777777,12.74025974025974,5022.222222222223,8.603554357064281,5.043425116919247
LP001405,1,1,1,0,0,2214,1398.0,85.0,360.0,1,2,,3612.0,236.11111111111111,15.297882352941176,3375.8888888888887,8.19229373114764,4.454347296253507
LP001421,1,1,0,0,0,5568,2142.0,175.0,360.0,1,0,,7710.0,486.1111111111111,15.86057142857143,7223.888888888889,8.95040315983296,5.170483995038151
LP001422,0,0,0,0,0,10408,0.0,259.0,360.0,1,2,,10408.0,719.4444444444445,14.466718146718147,9688.555555555555,9.250426095515468,5.560681631015528
LP001426,1,1,0,0,0,5667,2667.0,180.0,360.0,1,0,,8334.0,500.0,16.668,7834.0,9.028218795184895,5.198497031265826
LP001430,0,0,0,0,0,4166,0.0,44.0,360.0,1,1,,4166.0,122.22222222222223,34.085454545454546,4043.777777777778,8.334951631422454,3.8066624897703196
LP001431,0,0,0,0,0,2137,8980.0,137.0,360.0,0,1,,11117.0,380.55555555555554,29.212554744525548,10736.444444444445,9.316320695513415,4.927253685157205
LP001432,1,1,2,0,0,2957,0.0,81.0,360.0,1,1,,2957.0,225.0,13.142222222222221,2732.0,7.992268643270745,4.406719247264253
LP001439,1,1,0,1,0,4300,2014.0,194.0,360.0,1,0,,6314.0,538.8888888888889,11.716701030927835,5775.111111111111,8.750683034784592,5.272999558563747
LP001443,0,0,0,0,0,3692,0.0,93.0,360.0,1,0,,3692.0,258.3333333333333,14.291612903225808,3433.6666666666665,8.214194414852564,4.543294782270004
LP001448,1,1,3,0,0,23803,0.0,370.0,360.0,1,0,,23803.0,1027.7777777777778,23.159675675675675,22775.222222222223,10.077608912764743,5.916202062607435
LP001449,1,0,0,0,0,3865,1640.0,128.0,360.0,1,0,,5505.0,355.55555555555554,15.482812500000001,5149.444444444444,8.613593685702552,4.859812404361672
LP001451,1,1,1,0,1,10513,3850.0,160.0,180.0,0,2,,14363.0,888.8888888888889,16.158375,13474.111111111111,9.572480355345974,5.081404364984463
LP001465,1,1,0,0,0,6080,2569.0,182.0,360.0,1,0,,8649.0,505.55555555555554,17.107912087912087,8143.444444444444,9.065314599925925,5.209486152841421
LP001469,1,0,0,0,1,20166,0.0,650.0,480.0,1,2,,20166.0,1354.1666666666667,14.891815384615384,18811.833333333332,9.911802884139842,6.478509642208569
LP001473,1,0,0,0,0,2014,1929.0,74.0,360.0,1,2,,3943.0,205.55555555555554,19.182162162162165,3737.4444444444443,8.279950715722526,4.31748811353631
LP001478,1,0,0,0,0,2718,0.0,70.0,360.0,1,1,,2718.0,194.44444444444446,13.978285714285713,2523.5555555555557,7.908019444632471,4.2626798770413155
LP001482,1,1,0,0,1,3459,0.0,25.0,120.0,1,1,,3459.0,208.33333333333334,16.603199999999998,3250.6666666666665,8.14902386805177,3.258096538021482
LP001487,1,0,0,0,0,4895,0.0,102.0,360.0,1,1,,4895.0,283.3333333333333,17.276470588235295,4611.666666666667,8.496173824192162,4.634728988229636
LP001488,1,1,3,0,0,4000,7750.0,290.0,360.0,1,1,,11750.0,805.5555555555555,14.586206896551724,10944.444444444445,9.371693622333941,5.673323267171493
LP001489,0,1,0,0,0,4583,0.0,84.0,360.0,1,0,,4583.0,233.33333333333334,19.64142857142857,4349.666666666667,8.430327258394575,4.442651256490317
LP001491,1,1,2,0,1,3316,3500.0,88.0,360.0,1,2,,6816.0,244.44444444444446,27.883636363636363,6571.555555555556,8.827174771362785,4.48863636973214
LP001492,1,0,0,0,0,14999,0.0,242.0,360.0,0,1,,14999.0,672.2222222222222,22.312561983471078,14326.777777777777,9.615805480084347,5.493061443340548
LP001493,1,1,2,1,0,4200,1430.0,129.0,360.0,1,0,,5630.0,358.3333333333333,15.711627906976744,5271.666666666667,8.636042325254618,4.867534450455582
LP001497,1,1,2,0,0,5042,2083.0,185.0,360.0,1,0,,7125.0,513.8888888888889,13.864864864864865,6611.111111111111,8.871505346165781,5.225746673713202
LP001498,1,0,0,0,0,5417,0.0,168.0,360.0,1,2,,5417.0,466.6666666666667,11.607857142857142,4950.333333333333,8.59748202264504,5.1298987149230735
LP001504,1,0,0,0,1,6950,0.0,175.0,180.0,1,1,,6950.0,972.2222222222222,7.148571428571429,5977.777777777777,8.846640813100485,5.170483995038151
LP001507,1,1,0,0,0,2698,2034.0,122.0,360.0,1,1,,4732.0,338.8888888888889,13.96327868852459,4393.111111111111,8.462314529906248,4.812184355372417
LP001508,1,1,2,0,0,11757,0.0,187.0,180.0,1,2,,11757.0,1038.888888888889,11.316898395721925,10718.111111111111,9.3722891389622,5.236441962829949
LP001514,0,1,0,0,0,2330,4486.0,100.0,360.0,1,1,,6816.0,277.77777777777777,24.5376,6538.222222222223,8.827174771362785,4.61512051684126
LP001516,0,1,2,0,0,14866,0.0,70.0,360.0,1,2,,14866.0,194.44444444444446,76.45371428571428,14671.555555555555,9.60689927061335,4.2626798770413155
LP001518,1,1,1,0,0,1538,1425.0,30.0,360.0,1,2,,2963.0,83.33333333333333,35.556000000000004,2879.6666666666665,7.994294986415977,3.4339872044851463
LP001519,0,0,0,0,0,10000,1666.0,225.0,360.0,1,0,,11666.0,625.0,18.6656,11041.0,9.364519622823858,5.420534999272286
LP001520,1,1,0,0,0,4860,830.0,125.0,360.0,1,1,,5690.0,347.22222222222223,16.3872,5342.777777777777,8.646641258603124,4.836281906951478
LP001528,1,0,0,0,0,6277,0.0,118.0,360.0,0,0,,6277.0,327.77777777777777,19.150169491525425,5949.222222222223,8.744806737401898,4.77912349311153
LP001529,1,1,0,0,1,2577,3750.0,152.0,360.0,1,0,,6327.0,422.22222222222223,14.985,5904.777777777777,8.75273950944749,5.030437921392435
LP001531,1,0,0,0,0,9166,0.0,244.0,360.0,1,2,,9166.0,677.7777777777778,13.523606557377049,8488.222222222223,9.123365357961776,5.501258210544727
LP001532,1,1,2,1,0,2281,0.0,113.0,360.0,1,0,,2281.0,313.8888888888889,7.266902654867256,1967.111111111111,7.732807530422021,4.736198448394496
LP001535,1,0,0,0,0,3254,0.0,50.0,360.0,1,2,,3254.0,138.88888888888889,23.4288,3115.1111111111113,8.08794755464267,3.9318256327243257
LP001536,1,1,3,0,0,39999,0.0,600.0,180.0,0,1,,39999.0,3333.3333333333335,11.999699999999999,36665.666666666664,10.596634733096073,6.398594934535208
LP001541,1,1,1,0,0,6000,0.0,160.0,360.0,1,0,,6000.0,444.44444444444446,13.5,5555.555555555556,8.699681400989514,5.081404364984463
LP001543,1,1,1,0,0,9538,0.0,187.0,360.0,1,2,,9538.0,519.4444444444445,18.36192513368984,9018.555555555555,9.163143937145207,5.236441962829949
LP001546,1,0,0,0,0,2980,2083.0,120.0,360.0,1,0,,5063.0,333.3333333333333,15.189,4729.666666666667,8.529911963824013,4.795790545596741
LP001552,1,1,0,0,0,4583,5625.0,255.0,360.0,1,1,,10208.0,708.3333333333334,14.411294117647058,9499.666666666666,9.231024963169016,5.545177444479562
LP001560,1,1,0,1,0,1863,1041.0,98.0,360.0,1,1,,2904.0,272.22222222222223,10.667755102040816,2631.777777777778,7.974188669286011,4.59511985013459
LP001562,1,1,0,0,0,7933,0.0,275.0,360.0,1,2,,7933.0,763.8888888888889,10.38501818181818,7169.111111111111,8.978912601074276,5.62040086571715
LP001565,1,1,1,0,0,3089,1280.0,121.0,360.0,0,1,,4369.0,336.1111111111111,12.998677685950414,4032.8888888888887,8.382518288089635,4.804021044733257
LP001570,1,1,2,0,0,4167,1447.0,158.0,360.0,1,0,,5614.0,438.8888888888889,12.79139240506329,5175.111111111111,8.633196867172543,5.0689042022202315
LP001572,1,1,0,0,0,9323,0.0,75.0,180.0,1,2,,9323.0,416.6666666666667,22.3752,8906.333333333334,9.140347000155648,4.330733340286331
LP001574,1,1,0,0,0,3707,3166.0,182.0,360.0,1,0,,6873.0,505.55555555555554,13.594945054945056,6367.444444444444,8.835501457409778,5.209486152841421
LP001577,0,1,0,0,0,4583,0.0,112.0,360.0,1,0,,4583.0,311.1111111111111,14.731071428571429,4271.888888888889,8.430327258394575,4.727387818712341
LP001578,1,1,0,0,0,2439,3333.0,129.0,360.0,1,0,,5772.0,358.3333333333333,16.107906976744186,5413.666666666667,8.660947155060933,4.867534450455582
LP001579,1,0,0,0,0,2237,0.0,63.0,480.0,0,1,,2237.0,131.25,17.043809523809525,2105.75,7.71333788887187,4.1588830833596715
LP001580,1,1,2,0,0,8000,0.0,200.0,360.0,1,1,,8000.0,555.5555555555555,14.4,7444.444444444444,8.987321812850125,5.303304908059076
LP001581,1,1,0,1,0,1820,1769.0,95.0,360.0,1,0,,3589.0,263.8888888888889,13.600421052631578,3325.1111111111113,8.185907481482324,4.564348191467836
LP001585,1,1,3,0,0,51763,0.0,700.0,300.0,1,2,,51763.0,2333.3333333333335,22.184142857142856,49429.666666666664,10.85445020594156,6.55250788703459
LP001586,1,1,3,1,0,3522,0.0,81.0,180.0,1,0,,3522.0,450.0,7.826666666666667,3072.0,8.167068178341237,4.406719247264253
LP001594,1,1,0,0,0,5708,5625.0,187.0,360.0,1,1,,11333.0,519.4444444444445,21.81754010695187,10813.555555555555,9.335562336729565,5.236441962829949
LP001603,1,1,0,1,1,4344,736.0,87.0,360.0,1,1,,5080.0,241.66666666666666,21.020689655172415,4838.333333333333,8.533263371593732,4.477336814478207
LP001606,1,1,0,0,0,3497,1964.0,116.0,360.0,1,0,,5461.0,322.22222222222223,16.947931034482757,5138.777777777777,8.60557030203365,4.762173934797756
LP001608,1,1,2,0,0,2045,1619.0,101.0,360.0,1,0,,3664.0,280.55555555555554,13.05980198019802,3383.4444444444443,8.206583614320753,4.624972813284271
LP001610,1,1,3,0,0,5516,11300.0,495.0,360.0,0,1,,16816.0,1375.0,12.229818181818182,15441.0,9.73014555852275,6.206575926724928
LP001616,1,1,1,0,0,3750,0.0,116.0,360.0,1,1,,3750.0,322.22222222222223,11.637931034482758,3427.777777777778,8.229777750081887,4.762173934797756
LP001630,1,0,0,1,0,2333,1451.0,102.0,480.0,0,2,,3784.0,212.5,17.807058823529413,3571.5,8.23880116587155,4.634728988229636
LP001633,1,1,1,0,0,6400,7250.0,180.0,360.0,0,2,,13650.0,500.0,27.3,13150.0,9.521568058002977,5.198497031265826
LP001634,1,0,0,0,0,1916,5063.0,67.0,360.0,1,0,,6979.0,186.11111111111111,37.49910447761194,6792.888888888889,8.850804195756417,4.219507705176107
LP001636,1,1,0,0,0,4600,0.0,73.0,180.0,1,1,,4600.0,405.55555555555554,11.342465753424658,4194.444444444444,8.434028950155469,4.30406509320417
LP001637,1,1,1,0,0,33846,0.0,260.0,360.0,1,1,,33846.0,722.2222222222222,46.86369230769231,33123.77777777778,10.429605648120413,5.564520407322694
LP001639,0,1,0,0,0,3625,0.0,108.0,360.0,1,1,,3625.0,300.0,12.083333333333334,3325.0,8.195885391314796,4.6913478822291435
LP001640,1,1,0,0,1,39147,4750.0,120.0,360.0,1,1,,43897.0,333.3333333333333,131.691,43563.666666666664,10.6896240399389,4.795790545596741
LP001641,1,1,1,0,1,2178,0.0,66.0,300.0,0,0,,2178.0,220.0,9.9,1958.0,7.68662133494462,4.204692619390966
LP001643,1,1,0,0,0,2383,2138.0,58.0,360.0,1,0,,4521.0,161.11111111111111,28.061379310344826,4359.888888888889,8.416709652837914,4.07753744390572
LP001644,1,1,0,0,1,674,5296.0,168.0,360.0,1,0,,5970.0,466.6666666666667,12.792857142857143,5503.333333333333,8.694669696546992,5.1298987149230735
LP001647,1,1,0,0,0,9328,0.0,188.0,180.0,1,0,,9328.0,1044.4444444444443,8.931063829787234,8283.555555555555,9.140883106960962,5.241747015059643
LP001653,1,0,0,1,0,4885,0.0,48.0,360.0,1,0,,4885.0,133.33333333333334,36.637499999999996,4751.666666666667,8.494129251817686,3.8918202981106265
LP001656,1,0,0,0,0,12000,0.0,164.0,360.0,1,1,,12000.0,455.55555555555554,26.34146341463415,11544.444444444445,9.392745258631441,5.10594547390058
LP001657,1,1,0,1,0,6033,0.0,160.0,360.0,1,2,,6033.0,444.44444444444446,13.57425,5588.555555555556,8.705165419719007,5.081404364984463
LP001658,1,0,0,0,0,3858,0.0,76.0,360.0,1,1,,3858.0,211.11111111111111,18.274736842105263,3646.8888888888887,8.258163361537619,4.343805421853684
LP001664,1,0,0,0,0,4191,0.0,120.0,360.0,1,0,,4191.0,333.3333333333333,12.573,3857.6666666666665,8.340933226000878,4.795790545596741
LP001665,1,1,1,0,0,3125,2583.0,170.0,360.0,1,1,,5708.0,472.22222222222223,12.087529411764706,5235.777777777777,8.64979915596426,5.14166355650266
LP001666,1,0,0,0,0,8333,3750.0,187.0,360.0,1,0,,12083.0,519.4444444444445,23.26139037433155,11563.555555555555,9.399637542506563,5.236441962829949
LP001669,0,0,0,1,0,1907,2365.0,120.0,360.0,1,2,,4272.0,333.3333333333333,12.816,3938.6666666666665,8.360071435644025,4.795790545596741
LP001671,0,1,0,0,0,3416,2816.0,113.0,360.0,1,1,,6232.0,313.8888888888889,19.854159292035398,5918.111111111111,8.73761303680885,4.736198448394496
LP001673,1,0,0,0,1,11000,0.0,83.0,360.0,1,2,,11000.0,230.55555555555554,47.71084337349398,10769.444444444445,9.305741456739435,4.430816798843313
LP001674,1,1,1,1,0,2600,2500.0,90.0,360.0,1,1,,5100.0,250.0,20.4,4850.0,8.537191877922927,4.51085950651685
LP001677,1,0,2,0,0,4923,0.0,166.0,360.0,0,1,,4923.0,461.1111111111111,10.676385542168676,4461.888888888889,8.501876487304344,5.117993812416755
LP001682,1,1,3,1,0,3992,0.0,128.0,180.0,1,2,,3992.0,711.1111111111111,5.6137500000000005,3280.8888888888887,8.292298107063221,4.859812404361672
LP001688,1,1,1,1,0,3500,1083.0,135.0,360.0,1,2,,4583.0,375.0,12.221333333333334,4208.0,8.430327258394575,4.912654885736052
LP001691,1,1,2,1,0,3917,0.0,124.0,360.0,1,1,,3917.0,344.44444444444446,11.371935483870967,3572.5555555555557,8.273336598504486,4.8283137373023015
LP001692,0,0,0,1,0,4408,0.0,120.0,360.0,1,1,,4408.0,333.3333333333333,13.224,4074.6666666666665,8.391403185357937,4.795790545596741
LP001693,0,0,0,0,0,3244,0.0,80.0,360.0,1,2,,3244.0,222.22222222222223,14.597999999999999,3021.777777777778,8.08487062913819,4.394449154672439
LP001698,1,0,0,1,0,3975,2531.0,55.0,360.0,1,0,,6506.0,152.77777777777777,42.58472727272727,6353.222222222223,8.780633799494984,4.02535169073515
LP001699,1,0,0,0,0,2479,0.0,59.0,360.0,1,2,,2479.0,163.88888888888889,15.126101694915254,2315.1111111111113,7.8160138391590275,4.0943445622221
LP001702,1,0,0,0,0,3418,0.0,127.0,360.0,1,1,,3418.0,352.77777777777777,9.688818897637795,3065.222222222222,8.137103389639302,4.852030263919617
LP001708,0,0,0,0,0,10000,0.0,214.0,360.0,1,1,,10000.0,594.4444444444445,16.822429906542055,9405.555555555555,9.210440366976517,5.3706380281276624
LP001711,1,1,3,0,0,3430,1250.0,128.0,360.0,0,1,,4680.0,355.55555555555554,13.1625,4324.444444444444,8.45126704130007,4.859812404361672
LP001713,1,1,1,0,1,7787,0.0,240.0,360.0,1,2,,7787.0,666.6666666666666,11.6805,7120.333333333333,8.960339366492091,5.484796933490655
LP001715,1,1,3,1,1,5703,0.0,130.0,360.0,1,0,,5703.0,361.1111111111111,15.792923076923078,5341.888888888889,8.648922962094131,4.875197323201151
LP001716,1,1,0,0,0,3173,3021.0,137.0,360.0,1,2,,6194.0,380.55555555555554,16.276204379562046,5813.444444444444,8.731497794063243,4.927253685157205
LP001720,1,1,3,1,0,3850,983.0,100.0,360.0,1,1,,4833.0,277.77777777777777,17.3988,4555.222222222223,8.483429561263428,4.61512051684126
LP001722,1,1,0,0,0,150,1800.0,135.0,360.0,1,0,,1950.0,375.0,5.2,1575.0,7.576097340623111,4.912654885736052
LP001726,1,1,0,0,0,3727,1775.0,131.0,360.0,1,1,,5502.0,363.8888888888889,15.12,5138.111111111111,8.613048677059759,4.882801922586371
LP001732,1,1,2,0,0,5000,0.0,72.0,360.0,0,1,,5000.0,200.0,25.0,4800.0,8.517393171418904,4.290459441148391
LP001734,0,1,2,0,0,4283,2383.0,127.0,360.0,1,1,,6666.0,352.77777777777777,18.895748031496062,6313.222222222223,8.80492526261806,4.852030263919617
LP001736,1,1,0,0,0,2221,0.0,60.0,360.0,0,2,,2221.0,166.66666666666666,13.326,2054.3333333333335,7.706162970199576,4.110873864173311
LP001743,1,1,2,0,0,4009,1717.0,116.0,360.0,1,1,,5726.0,322.22222222222223,17.770344827586207,5403.777777777777,8.652947112393857,4.762173934797756
LP001744,1,0,0,0,0,2971,2791.0,144.0,360.0,1,1,,5762.0,400.0,14.405,5362.0,8.659213451436667,4.976733742420574
LP001749,1,1,0,0,0,7578,1010.0,175.0,360.0,1,1,,8588.0,486.1111111111111,17.666742857142857,8101.888888888889,9.058237593766226,5.170483995038151
LP001750,1,1,0,0,0,6250,0.0,128.0,360.0,1,1,,6250.0,355.55555555555554,17.578125,5894.444444444444,8.740496729931813,4.859812404361672
LP001751,1,1,0,0,0,3250,0.0,170.0,360.0,1,0,,3250.0,472.22222222222223,6.88235294117647,2777.777777777778,8.086717920303906,5.14166355650266
LP001754,1,1,0,1,1,4735,0.0,138.0,360.0,1,2,,4735.0,383.3333333333333,12.35217391304348,4351.666666666667,8.462948176563842,4.9344739331306915
LP001758,1,1,2,0,0,6250,1695.0,210.0,360.0,1,1,,7945.0,583.3333333333334,13.62,7361.666666666667,8.980423936374544,5.351858133476067
LP001760,1,1,0,0,0,4758,0.0,158.0,480.0,1,1,,4758.0,329.1666666666667,14.454683544303796,4428.833333333333,8.46779284112111,5.0689042022202315
LP001761,1,0,0,0,1,6400,0.0,200.0,360.0,1,0,,6400.0,555.5555555555555,11.52,5844.444444444444,8.764209507142004,5.303304908059076
LP001765,1,1,1,0,0,2491,2054.0,104.0,360.0,1,1,,4545.0,288.8888888888889,15.732692307692306,4256.111111111111,8.422003004412488,4.653960350157523
LP001768,1,1,0,0,0,3716,0.0,42.0,180.0,1,0,,3716.0,233.33333333333334,15.925714285714285,3482.6666666666665,8.220672170297252,3.7612001156935624
LP001770,1,0,0,1,0,3189,2598.0,120.0,360.0,1,0,,5787.0,333.3333333333333,17.361,5453.666666666667,8.663542087751374,4.795790545596741
LP001776,0,0,0,0,0,8333,0.0,280.0,360.0,1,1,,8333.0,777.7777777777778,10.713857142857142,7555.222222222223,9.0280988119824,5.638354669333745
LP001778,1,1,1,0,0,3155,1779.0,140.0,360.0,1,1,,4934.0,388.8888888888889,12.68742857142857,4545.111111111111,8.504107951867582,4.948759890378168
LP001784,1,1,1,0,0,5500,1260.0,170.0,360.0,1,0,,6760.0,472.22222222222223,14.315294117647058,6287.777777777777,8.818926087090677,5.14166355650266
LP001786,1,1,0,0,0,5746,0.0,255.0,360.0,1,2,,5746.0,708.3333333333334,8.112,5037.666666666667,8.656433258507741,5.545177444479562
LP001788,0,0,0,0,1,3463,0.0,122.0,360.0,1,2,,3463.0,338.8888888888889,10.218688524590164,3124.1111111111113,8.150179269682326,4.812184355372417
LP001790,0,0,1,0,0,3812,0.0,112.0,360.0,1,0,,3812.0,311.1111111111111,12.252857142857144,3500.8888888888887,8.246171559857563,4.727387818712341
LP001792,1,1,1,0,0,3315,0.0,96.0,360.0,1,1,,3315.0,266.6666666666667,12.431249999999999,3048.3333333333335,8.106514516255185,4.574710978503383
LP001798,1,1,2,0,0,5819,5000.0,120.0,360.0,1,0,,10819.0,333.3333333333333,32.457,10485.666666666666,9.289151552400472,4.795790545596741
LP001800,1,1,1,1,0,2510,1983.0,140.0,180.0,1,2,,4493.0,777.7777777777778,5.776714285714285,3715.222222222222,8.410498452745275,4.948759890378168
LP001806,1,0,0,0,0,2965,5701.0,155.0,60.0,1,2,,8666.0,2583.3333333333335,3.35458064516129,6082.666666666666,9.067277989134345,5.049856007249537
LP001807,1,1,2,0,1,6250,1300.0,108.0,360.0,1,0,,7550.0,300.0,25.166666666666668,7250.0,8.929435283803425,4.6913478822291435
LP001811,1,1,0,1,0,3406,4417.0,123.0,360.0,1,1,,7823.0,341.6666666666667,22.896585365853657,7481.333333333333,8.964951211714654,4.820281565605037
LP001813,1,0,0,0,1,6050,4333.0,120.0,180.0,1,2,,10383.0,666.6666666666666,15.5745,9716.333333333334,9.248021438943871,4.795790545596741
LP001814,1,1,2,0,0,9703,0.0,112.0,360.0,1,2,,9703.0,311.1111111111111,31.188214285714288,9391.888888888889,9.180293450623886,4.727387818712341
LP001819,1,1,1,1,0,6608,0.0,137.0,180.0,1,2,,6608.0,761.1111111111111,8.682043795620439,5846.888888888889,8.796187635470453,4.927253685157205
LP001824,1,1,1,0,0,2882,1843.0,123.0,480.0,1,1,,4725.0,256.25,18.4390243902439,4468.75,8.460834457746854,4.820281565605037
LP001825,1,1,0,0,0,1809,1868.0,90.0,360.0,1,2,,3677.0,250.0,14.708,3427.0,8.210124405164267,4.51085950651685
LP001835,1,1,0,1,0,1668,3890.0,201.0,360.0,0,1,,5558.0,558.3333333333334,9.95462686567164,4999.666666666667,8.62317351495347,5.308267697401205
LP001836,0,0,2,0,0,3427,0.0,138.0,360.0,1,2,,3427.0,383.3333333333333,8.940000000000001,3043.6666666666665,8.13973227971767,4.9344739331306915
LP001841,1,0,0,1,1,2583,2167.0,104.0,360.0,1,0,,4750.0,288.8888888888889,16.44230769230769,4461.111111111111,8.46611040118692,4.653960350157523
LP001843,1,1,1,1,0,2661,7101.0,279.0,180.0,1,1,,9762.0,1550.0,6.298064516129032,8212.0,9.186355009225672,5.634789603169249
LP001844,1,0,0,0,1,16250,0.0,192.0,360.0,0,2,,16250.0,533.3333333333334,30.468749999999996,15716.666666666666,9.69590972432601,5.262690188904886
LP001846,0,0,3,0,0,3083,0.0,255.0,360.0,1,0,,3083.0,708.3333333333334,4.352470588235294,2374.6666666666665,8.03398273468322,5.545177444479562
LP001849,1,0,0,1,0,6045,0.0,115.0,360.0,0,0,,6045.0,319.44444444444446,18.923478260869565,5725.555555555556,8.707152175339404,4.7535901911063645
LP001854,1,1,3,0,0,5250,0.0,94.0,360.0,1,2,,5250.0,261.1111111111111,20.106382978723406,4988.888888888889,8.566173813637858,4.553876891600541
LP001859,1,1,0,0,0,14683,2100.0,304.0,360.0,1,0,,16783.0,844.4444444444445,19.874605263157893,15938.555555555555,9.728181330636078,5.720311776607412
LP001864,1,1,3,1,0,4931,0.0,128.0,360.0,1,1,,4931.0,355.55555555555554,13.8684375,4575.444444444444,8.503499864284235,4.859812404361672
LP001865,1,1,1,0,0,6083,4250.0,330.0,360.0,1,2,,10333.0,916.6666666666666,11.272363636363638,9416.333333333334,9.24319470884713,5.802118375377063
LP001868,1,0,0,0,0,2060,2209.0,134.0,360.0,1,1,,4269.0,372.22222222222223,11.468955223880597,3896.777777777778,8.35936910622267,4.90527477843843
LP001870,0,0,1,0,0,3481,0.0,155.0,36.0,1,1,,3481.0,4305.555555555556,0.8084903225806451,-824.5555555555557,8.155362120328135,5.049856007249537
LP001871,0,0,0,0,0,7200,0.0,120.0,360.0,1,0,,7200.0,333.3333333333333,21.6,6866.666666666667,8.881975184248867,4.795790545596741
LP001872,1,0,0,0,1,5166,0.0,128.0,360.0,1,1,,5166.0,355.55555555555554,14.529375,4810.444444444444,8.550047528287184,4.859812404361672
LP001875,1,0,0,0,0,4095,3447.0,151.0,360.0,1,0,,7542.0,419.44444444444446,17.98092715231788,7122.555555555556,8.928375259853631,5.0238805208462765
LP001877,1,1,2,0,0,4708,1387.0,150.0,360.0,1,1,,6095.0,416.6666666666667,14.628,5678.333333333333,8.715388097366482,5.017279836814924
LP001882,1,1,3,0,0,4333,1811.0,160.0,360.0,0,2,,6144.0,444.44444444444446,13.824,5699.555555555556,8.723394022000136,5.081404364984463
LP001883,0,0,0,0,0,3418,0.0,135.0,360.0,1,0,,3418.0,375.0,9.114666666666666,3043.0,8.137103389639302,4.912654885736052
LP001884,0,0,1,0,0,2876,1560.0,90.0,360.0,1,2,,4436.0,250.0,17.744,4186.0,8.39773375137891,4.51085950651685
LP001888,0,0,0,0,0,3237,0.0,30.0,360.0,1,2,,3237.0,83.33333333333333,38.844,3153.6666666666665,8.08271113423758,3.4339872044851463
LP001891,1,1,0,0,0,11146,0.0,136.0,360.0,1,2,,11146.0,377.77777777777777,29.504117647058823,10768.222222222223,9.318925682389624,4.919980925828125
LP001892,1,0,0,0,0,2833,1857.0,126.0,360.0,1,0,,4690.0,350.0,13.4,4340.0,8.453401058328458,4.844187086458591
LP001894,1,1,0,0,0,2620,2223.0,150.0,360.0,1,1,,4843.0,416.6666666666667,11.623199999999999,4426.333333333333,8.485496104672983,5.017279836814924
LP001896,1,1,2,0,0,3900,0.0,90.0,360.0,1,1,,3900.0,250.0,15.6,3650.0,8.268988209506656,4.51085950651685
LP001900,1,1,1,0,0,2750,1842.0,115.0,360.0,1,1,,4592.0,319.44444444444446,14.37495652173913,4272.555555555556,8.432288684325794,4.7535901911063645
LP001903,1,1,0,0,0,3993,3274.0,207.0,360.0,1,1,,7267.0,575.0,12.638260869565217,6692.0,8.891236429516061,5.337538079701318
LP001904,1,1,0,0,0,3103,1300.0,80.0,360.0,1,2,,4403.0,222.22222222222223,19.813499999999998,4180.777777777777,8.390268497842571,4.394449154672439
LP001907,1,1,0,0,0,14583,0.0,436.0,360.0,1,1,,14583.0,1211.111111111111,12.041009174311927,13371.888888888889,9.5876803163585,6.07993319509559
LP001908,0,1,0,1,0,4100,0.0,124.0,360.0,1,0,,4100.0,344.44444444444446,11.903225806451612,3755.5555555555557,8.31898612539206,4.8283137373023015
LP001910,1,0,1,1,1,4053,2426.0,158.0,360.0,0,2,,6479.0,438.8888888888889,14.762278481012657,6040.111111111111,8.776475789346321,5.0689042022202315
LP001914,1,1,0,0,0,3927,800.0,112.0,360.0,1,1,,4727.0,311.1111111111111,15.193928571428573,4415.888888888889,8.461257559085935,4.727387818712341
LP001915,1,1,2,0,0,2301,985.7999878,78.0,180.0,1,2,,3286.7999878,433.3333333333333,7.584923048769231,2853.4666544666666,8.097973923364721,4.3694478524670215
LP001917,0,0,0,0,0,1811,1666.0,54.0,360.0,1,2,,3477.0,150.0,23.18,3327.0,8.154212694914229,4.007333185232471
LP001922,1,1,0,0,0,20667,0.0,128.0,360.0,1,0,,20667.0,355.55555555555554,58.1259375,20311.444444444445,9.936341889407075,4.859812404361672
LP001924,1,0,0,0,0,3158,3053.0,89.0,360.0,1,0,,6211.0,247.22222222222223,25.12314606741573,5963.777777777777,8.734238184268579,4.499809670330265
LP001925,0,0,0,0,1,2600,1717.0,99.0,300.0,1,1,,4317.0,330.0,13.081818181818182,3987.0,8.370547611074752,4.605170185988092
LP001926,1,1,0,0,0,3704,2000.0,120.0,360.0,1,0,,5704.0,333.3333333333333,17.112000000000002,5370.666666666667,8.649098262296176,4.795790545596741
LP001931,0,0,0,0,0,4124,0.0,115.0,360.0,1,1,,4124.0,319.44444444444446,12.90991304347826,3804.5555555555557,8.324821298768782,4.7535901911063645
LP001935,1,0,0,0,0,9508,0.0,187.0,360.0,1,0,,9508.0,519.4444444444445,18.304171122994653,8988.555555555555,9.159993997539445,5.236441962829949
LP001936,1,1,0,0,0,3075,2416.0,139.0,360.0,1,0,,5491.0,386.1111111111111,14.221294964028777,5104.888888888889,8.61104776688786,4.941642422609304
LP001938,1,1,2,0,0,4400,0.0,127.0,360.0,0,1,,4400.0,352.77777777777777,12.47244094488189,4047.222222222222,8.38958706681109,4.852030263919617
LP001940,1,1,2,0,0,3153,1560.0,134.0,360.0,1,2,,4713.0,372.22222222222223,12.66179104477612,4340.777777777777,8.458292083496076,4.90527477843843
LP001945,0,0,0,0,0,5417,0.0,143.0,480.0,0,2,,5417.0,297.9166666666667,18.18293706293706,5119.083333333333,8.59748202264504,4.969813299576001
LP001947,1,1,0,0,0,2383,3334.0,172.0,360.0,1,1,,5717.0,477.77777777777777,11.965813953488372,5239.222222222223,8.651374372882257,5.153291594497779
LP001949,1,1,3,0,0,4416,1250.0,110.0,360.0,1,2,,5666.0,305.55555555555554,18.54327272727273,5360.444444444444,8.64241515616962,4.709530201312334
LP001953,1,1,1,0,0,6875,0.0,200.0,360.0,1,1,,6875.0,555.5555555555555,12.375,6319.444444444444,8.83579236650274,5.303304908059076
LP001954,0,1,1,0,0,4666,0.0,135.0,360.0,1,2,,4666.0,375.0,12.442666666666666,4291.0,8.448271745949816,4.912654885736052
LP001955,0,0,0,0,0,5000,2541.0,151.0,480.0,1,0,,7541.0,314.5833333333333,23.971390728476823,7226.416666666667,8.928242677818302,5.0238805208462765
LP001963,1,1,1,0,0,2014,2925.0,113.0,360.0,1,2,,4939.0,313.8888888888889,15.734867256637166,4625.111111111111,8.505120610181969,4.736198448394496
LP001964,1,1,0,1,0,1800,2934.0,93.0,360.0,0,2,,4734.0,258.3333333333333,18.325161290322583,4475.666666666667,8.462737005620179,4.543294782270004
LP001972,1,1,0,1,0,2875,1750.0,105.0,360.0,1,1,,4625.0,291.6666666666667,15.857142857142856,4333.333333333333,8.439447842791385,4.663439094112067
LP001974,0,0,0,0,0,5000,0.0,132.0,360.0,1,0,,5000.0,366.6666666666667,13.636363636363635,4633.333333333333,8.517393171418904,4.890349128221754
LP001977,1,1,1,0,0,1625,1803.0,96.0,360.0,1,2,,3428.0,266.6666666666667,12.854999999999999,3161.3333333333335,8.14002395246292,4.574710978503383
LP001978,1,0,0,0,0,4000,2500.0,140.0,360.0,1,0,,6500.0,388.8888888888889,16.71428571428571,6111.111111111111,8.77971129020447,4.948759890378168
LP001990,1,0,0,1,0,2000,0.0,128.0,360.0,1,2,,2000.0,355.55555555555554,5.625,1644.4444444444443,7.601402334583733,4.859812404361672
LP001993,0,0,0,0,0,3762,1666.0,135.0,360.0,1,0,,5428.0,375.0,14.474666666666666,5053.0,8.599510233905452,4.912654885736052
LP001994,0,0,0,0,0,2400,1863.0,104.0,360.0,0,2,,4263.0,288.8888888888889,14.75653846153846,3974.1111111111113,8.357962965845681,4.653960350157523
LP001996,1,0,0,0,0,20233,0.0,480.0,360.0,1,0,,20233.0,1333.3333333333333,15.174750000000001,18899.666666666668,9.915119636765835,6.175867270105761
LP001998,1,1,2,1,0,7667,0.0,185.0,360.0,1,0,,7667.0,513.8888888888889,14.919567567567567,7153.111111111111,8.944811104165534,5.225746673713202
LP002002,0,0,0,0,0,2917,0.0,84.0,360.0,1,1,,2917.0,233.33333333333334,12.501428571428571,2683.6666666666665,7.978653729082731,4.442651256490317
LP002004,1,0,0,1,0,2927,2405.0,111.0,360.0,1,1,,5332.0,308.3333333333333,17.292972972972976,5023.666666666667,8.581669210600602,4.718498871295094
LP002006,0,0,0,0,0,2507,0.0,56.0,360.0,1,0,,2507.0,155.55555555555554,16.11642857142857,2351.4444444444443,7.827240901752812,4.04305126783455
LP002008,1,1,2,0,1,5746,0.0,144.0,84.0,1,0,,5746.0,1714.2857142857142,3.3518333333333334,4031.714285714286,8.656433258507741,4.976733742420574
LP002024,1,1,0,0,0,2473,1843.0,159.0,360.0,1,0,,4316.0,441.6666666666667,9.772075471698113,3874.3333333333335,8.370315995555478,5.075173815233827
LP002031,1,1,1,1,0,3399,1640.0,111.0,180.0,1,2,,5039.0,616.6666666666666,8.171351351351351,4422.333333333333,8.525161361065415,4.718498871295094
LP002035,1,1,2,0,0,3717,0.0,120.0,360.0,1,1,,3717.0,333.3333333333333,11.151,3383.6666666666665,8.220941168281389,4.795790545596741
LP002036,1,1,0,0,0,2058,2134.0,88.0,360.0,1,2,,4192.0,244.44444444444446,17.14909090909091,3947.5555555555557,8.341171747170762,4.48863636973214
LP002043,0,0,1,0,0,3541,0.0,112.0,360.0,1,1,,3541.0,311.1111111111111,11.381785714285716,3229.8888888888887,8.17244681834278,4.727387818712341
LP002050,1,1,1,0,1,10000,0.0,155.0,360.0,1,0,,10000.0,430.55555555555554,23.225806451612904,9569.444444444445,9.210440366976517,5.049856007249537
LP002051,1,1,0,0,0,2400,2167.0,115.0,360.0,1,1,,4567.0,319.44444444444446,14.296695652173913,4247.555555555556,8.426830751335846,4.7535901911063645
LP002053,1,1,3,0,0,4342,189.0,124.0,360.0,1,1,,4531.0,344.44444444444446,13.154516129032258,4186.555555555556,8.418918622147897,4.8283137373023015
LP002054,1,1,2,1,0,3601,1590.0,128.0,360.0,1,0,,5191.0,355.55555555555554,14.5996875,4835.444444444444,8.554874258383926,4.859812404361672
LP002055,0,0,0,0,0,3166,2985.0,132.0,360.0,1,0,,6151.0,366.6666666666667,16.775454545454544,5784.333333333333,8.72453251118548,4.890349128221754
LP002065,1,1,3,0,0,15000,0.0,300.0,360.0,1,0,,15000.0,833.3333333333334,18.0,14166.666666666666,9.61587214452889,5.707110264748875
LP002067,1,1,1,0,1,8666,4983.0,376.0,360.0,0,0,,13649.0,1044.4444444444443,13.068191489361704,12604.555555555555,9.521494800613105,5.932245187448011
LP002068,1,0,0,0,0,4917,0.0,130.0,360.0,0,0,,4917.0,361.1111111111111,13.616307692307693,4555.888888888889,8.500657222776137,4.875197323201151
LP002082,1,1,0,0,1,5818,2160.0,184.0,360.0,1,1,,7978.0,511.1111111111111,15.60913043478261,7466.888888888889,8.984568369308281,5.220355825078324
LP002086,0,1,0,0,0,4333,2451.0,110.0,360.0,1,2,,6784.0,305.55555555555554,22.20218181818182,6478.444444444444,8.82246957226897,4.709530201312334
LP002087,0,0,0,0,0,2500,0.0,67.0,360.0,1,2,,2500.0,186.11111111111111,13.432835820895523,2313.8888888888887,7.824445930877619,4.219507705176107
LP002097,1,0,1,0,0,4384,1793.0,117.0,360.0,1,2,,6177.0,325.0,19.006153846153847,5852.0,8.728749873478527,4.770684624465665
LP002098,1,0,0,0,0,2935,0.0,98.0,360.0,1,1,,2935.0,272.22222222222223,10.781632653061225,2662.777777777778,7.984803389734406,4.59511985013459
LP002100,1,0,0,0,0,2833,0.0,71.0,360.0,1,2,,2833.0,197.22222222222223,14.364507042253521,2635.777777777778,7.949444420250626,4.276666119016055
LP002101,1,1,0,0,0,63337,0.0,490.0,180.0,1,2,,63337.0,2722.222222222222,23.266653061224492,60614.77777777778,11.056240743970491,6.19644412779452
LP002103,1,1,1,0,1,9833,1833.0,182.0,180.0,1,2,,11666.0,1011.1111111111111,11.537802197802199,10654.888888888889,9.364519622823858,5.209486152841421
LP002106,1,1,0,0,1,5503,4490.0,70.0,360.0,1,1,,9993.0,194.44444444444446,51.39257142857142,9798.555555555555,9.20974019190415,4.2626798770413155
LP002110,1,1,1,0,0,5250,688.0,160.0,360.0,1,0,,5938.0,444.44444444444446,13.3605,5493.555555555556,8.68929604801586,5.081404364984463
LP002112,1,1,2,0,1,2500,4600.0,176.0,360.0,1,0,,7100.0,488.8888888888889,14.522727272727272,6611.111111111111,8.867990898182093,5.176149732573829
LP002113,0,0,3,1,0,1830,0.0,128.0,360.0,0,2,,1830.0,355.55555555555554,5.1468750000000005,1474.4444444444443,7.5126175446745105,4.859812404361672
LP002114,0,0,0,0,0,4160,0.0,71.0,360.0,1,1,,4160.0,197.22222222222223,21.092957746478874,3962.777777777778,8.333510708982942,4.276666119016055
LP002115,1,1,3,1,0,2647,1587.0,173.0,360.0,1,0,,4234.0,480.55555555555554,8.81063583815029,3753.4444444444443,8.351138607086154,5.159055299214529
LP002116,0,0,0,0,0,2378,0.0,46.0,360.0,1,0,,2378.0,127.77777777777777,18.610434782608696,2250.222222222222,7.774435510302958,3.8501476017100584
LP002119,1,1,1,1,0,4554,1229.0,158.0,360.0,1,2,,5783.0,438.8888888888889,13.176455696202531,5344.111111111111,8.6628507638386,5.0689042022202315
LP002126,1,1,3,1,0,3173,0.0,74.0,360.0,1,1,,3173.0,205.55555555555554,15.436216216216216,2967.4444444444443,8.062747901086354,4.31748811353631
LP002128,1,1,2,0,0,2583,2330.0,125.0,360.0,1,0,,4913.0,347.22222222222223,14.14944,4565.777777777777,8.499843553081124,4.836281906951478
LP002129,1,1,0,0,0,2499,2458.0,160.0,360.0,1,1,,4957.0,444.44444444444446,11.15325,4512.555555555556,8.508757712595136,5.081404364984463
LP002130,1,1,0,1,0,3523,3230.0,152.0,360.0,0,0,,6753.0,422.22222222222223,15.993947368421052,6330.777777777777,8.817890200945513,5.030437921392435
LP002131,1,1,2,1,0,3083,2168.0,126.0,360.0,1,2,,5251.0,350.0,15.002857142857144,4901.0,8.566364235422688,4.844187086458591
LP002137,1,1,0,0,0,6333,4583.0,259.0,360.0,1,1,,10916.0,719.4444444444445,15.172818532818532,10196.555555555555,9.29807648628027,5.560681631015528
LP002138,1,1,0,0,0,2625,6250.0,187.0,360.0,1,0,,8875.0,519.4444444444445,17.085561497326204,8355.555555555555,9.091106284052485,5.236441962829949
LP002139,1,1,0,0,0,9083,0.0,228.0,360.0,1,1,,9083.0,633.3333333333334,14.34157894736842,8449.666666666666,9.114269903225448,5.43372200355424
LP002140,1,0,0,0,0,8750,4167.0,308.0,360.0,1,0,,12917.0,855.5555555555555,15.097792207792208,12061.444444444445,9.466376966592419,5.733341276897746
LP002141,1,1,3,0,0,2666,2083.0,95.0,360.0,1,0,,4749.0,263.8888888888889,17.99621052631579,4485.111111111111,8.465899897028686,4.564348191467836
LP002142,0,1,0,0,1,5500,0.0,105.0,360.0,0,0,,5500.0,291.6666666666667,18.857142857142858,5208.333333333333,8.612685172875459,4.663439094112067
LP002143,0,1,0,0,0,2423,505.0,130.0,360.0,1,1,,2928.0,361.1111111111111,8.108307692307692,2566.8888888888887,7.982416346827733,4.875197323201151
LP002144,0,0,0,0,0,3813,0.0,116.0,180.0,1,2,,3813.0,644.4444444444445,5.916724137931034,3168.5555555555557,8.246433786160365,4.762173934797756
LP002149,1,1,2,0,0,8333,3167.0,165.0,360.0,1,0,,11500.0,458.3333333333333,25.090909090909093,11041.666666666666,9.350189267092581,5.111987788356544
LP002151,1,1,1,0,0,3875,0.0,67.0,360.0,1,2,,3875.0,186.11111111111111,20.82089552238806,3688.8888888888887,8.262558973010657,4.219507705176107
LP002158,1,1,0,1,0,3000,1666.0,100.0,480.0,0,2,,4666.0,208.33333333333334,22.3968,4457.666666666667,8.448271745949816,4.61512051684126
LP002160,1,1,3,0,0,5167,3167.0,200.0,360.0,1,1,,8334.0,555.5555555555555,15.0012,7778.444444444444,9.028218795184895,5.303304908059076
LP002161,0,0,1,0,0,4723,0.0,81.0,360.0,1,1,,4723.0,225.0,20.99111111111111,4498.0,8.460411177317253,4.406719247264253
LP002170,1,1,2,0,0,5000,3667.0,236.0,360.0,1,1,,8667.0,655.5555555555555,13.22084745762712,8011.444444444444,9.067393362656249,5.4680601411351315
LP002175,1,1,0,0,0,4750,2333.0,130.0,360.0,1,2,,7083.0,361.1111111111111,19.61446153846154,6721.888888888889,8.865593998902725,4.875197323201151
LP002178,1,1,0,0,0,3013,3033.0,95.0,300.0,1,2,,6046.0,316.6666666666667,19.092631578947366,5729.333333333333,8.707317560273212,4.564348191467836
LP002180,1,0,0,0,1,6822,0.0,141.0,360.0,1,0,,6822.0,391.6666666666667,17.417872340425532,6430.333333333333,8.828054536815424,4.955827057601261
LP002181,1,0,0,1,0,6216,0.0,133.0,360.0,1,0,,6216.0,369.44444444444446,16.825263157894735,5846.555555555556,8.735042754269337,4.897839799950911
LP002187,1,0,0,0,0,2500,0.0,96.0,480.0,1,1,,2500.0,200.0,12.5,2300.0,7.824445930877619,4.574710978503383
LP002188,1,0,0,0,0,5124,0.0,124.0,360.0,0,0,,5124.0,344.44444444444446,14.876129032258063,4779.555555555556,8.54188580400661,4.8283137373023015
LP002190,1,1,1,0,0,6325,0.0,175.0,360.0,1,1,,6325.0,486.1111111111111,13.011428571428572,5838.888888888889,8.752423403865594,5.170483995038151
LP002191,1,1,0,0,0,19730,5266.0,570.0,360.0,1,0,,24996.0,1583.3333333333333,15.786947368421053,23412.666666666668,10.126511096649761,6.3473892096560105
LP002194,0,0,0,0,1,15759,0.0,55.0,360.0,1,1,,15759.0,152.77777777777777,103.14981818181819,15606.222222222223,9.66523036341187,4.02535169073515
LP002197,1,1,2,0,0,5185,0.0,155.0,360.0,1,1,,5185.0,430.55555555555554,12.04258064516129,4754.444444444444,8.55371796609861,5.049856007249537
LP002201,1,1,2,0,1,9323,7873.0,380.0,300.0,1,0,,17196.0,1266.6666666666667,13.57578947368421,15929.333333333334,9.752490228984199,5.942799375126701
LP002205,1,0,1,0,0,3062,1987.0,111.0,180.0,0,2,,5049.0,616.6666666666666,8.187567567567568,4432.333333333333,8.527143522269405,4.718498871295094
LP002209,0,0,0,0,0,2764,1459.0,110.0,360.0,1,2,,4223.0,305.55555555555554,13.820727272727273,3917.4444444444443,8.348537825386098,4.709530201312334
LP002211,1,1,0,0,0,4817,923.0,120.0,180.0,1,2,,5740.0,666.6666666666666,8.610000000000001,5073.333333333333,8.655388690167637,4.795790545596741
LP002219,1,1,3,0,0,8750,4996.0,130.0,360.0,1,0,,13746.0,361.1111111111111,38.06584615384616,13384.888888888889,9.52857589747142,4.875197323201151
LP002223,1,1,0,0,0,4310,0.0,130.0,360.0,1,1,,4310.0,361.1111111111111,11.935384615384617,3948.8888888888887,8.368925174747135,4.875197323201151
LP002224,1,0,0,0,0,3069,0.0,71.0,480.0,1,2,,3069.0,147.91666666666666,20.748169014084507,2921.0833333333335,8.029432840581244,4.276666119016055
LP002225,1,1,2,0,0,5391,0.0,130.0,360.0,1,2,,5391.0,361.1111111111111,14.928923076923079,5029.888888888889,8.592671652592143,4.875197323201151
LP002226,1,1,0,0,0,3333,2500.0,128.0,360.0,1,1,,5833.0,355.55555555555554,16.4053125,5477.444444444444,8.671458150427666,4.859812404361672
LP002229,1,0,0,0,0,5941,4232.0,296.0,360.0,1,1,,10173.0,822.2222222222222,12.372567567567568,9350.777777777777,9.22759072538271,5.6937321388027
LP002231,0,0,0,0,0,6000,0.0,156.0,360.0,1,2,,6000.0,433.3333333333333,13.846153846153847,5566.666666666667,8.699681400989514,5.056245805348308
LP002234,1,0,0,0,1,7167,0.0,128.0,360.0,1,2,,7167.0,355.55555555555554,20.1571875,6811.444444444444,8.877381954654766,4.859812404361672
LP002236,1,1,2,0,0,4566,0.0,100.0,360.0,1,2,,4566.0,277.77777777777777,16.4376,4288.222222222223,8.426611813185,4.61512051684126
LP002237,1,0,1,0,0,3667,0.0,113.0,180.0,1,2,,3667.0,627.7777777777778,5.841238938053097,3039.222222222222,8.207401833376355,4.736198448394496
LP002239,1,0,0,1,0,2346,1600.0,132.0,360.0,1,1,,3946.0,366.6666666666667,10.761818181818182,3579.3333333333335,8.280711075662847,4.890349128221754
LP002243,1,1,0,1,0,3010,3136.0,128.0,360.0,0,2,,6146.0,355.55555555555554,17.285625,5790.444444444444,8.72371943690701,4.859812404361672
LP002244,1,1,0,0,0,2333,2417.0,136.0,360.0,1,2,,4750.0,377.77777777777777,12.573529411764707,4372.222222222223,8.46611040118692,4.919980925828125
LP002250,1,1,0,0,0,5488,0.0,125.0,360.0,1,0,,5488.0,347.22222222222223,15.805439999999999,5140.777777777777,8.610501368549889,4.836281906951478
LP002255,1,0,3,0,0,9167,0.0,185.0,360.0,1,0,,9167.0,513.8888888888889,17.838486486486484,8653.111111111111,9.12347443895452,5.225746673713202
LP002262,1,1,3,0,0,9504,0.0,275.0,360.0,1,0,,9504.0,763.8888888888889,12.4416,8740.111111111111,9.15957325492253,5.62040086571715
LP002263,1,1,0,0,0,2583,2115.0,120.0,360.0,1,2,,4698.0,333.3333333333333,14.094000000000001,4364.666666666667,8.455104999102815,4.795790545596741
LP002265,1,1,2,1,0,1993,1625.0,113.0,180.0,1,1,,3618.0,627.7777777777778,5.763185840707965,2990.222222222222,8.193953023563742,4.736198448394496
LP002266,1,1,2,0,0,3100,1400.0,113.0,360.0,1,2,,4500.0,313.8888888888889,14.336283185840706,4186.111111111111,8.412054873292933,4.736198448394496
LP002272,1,1,2,0,0,3276,484.0,135.0,360.0,1,1,,3760.0,375.0,10.026666666666667,3385.0,8.232440158470336,4.912654885736052
LP002277,0,0,0,0,0,3180,0.0,71.0,360.0,0,2,,3180.0,197.22222222222223,16.12394366197183,2982.777777777778,8.064950891749143,4.276666119016055
LP002281,1,1,0,0,0,3033,1459.0,95.0,360.0,1,2,,4492.0,263.8888888888889,17.022315789473684,4228.111111111111,8.41027590907016,4.564348191467836
LP002284,1,0,0,1,0,3902,1666.0,109.0,360.0,1,0,,5568.0,302.77777777777777,18.389724770642204,5265.222222222223,8.624970783589669,4.700480365792417
LP002287,0,0,0,0,0,1500,1800.0,103.0,360.0,0,1,,3300.0,286.1111111111111,11.533980582524272,3013.8888888888887,8.101980731853192,4.6443908991413725
LP002288,1,1,2,1,0,2889,0.0,45.0,180.0,0,2,,2889.0,250.0,11.556,2639.0,7.969011781106478,3.828641396489095
LP002296,1,0,0,1,0,2755,0.0,65.0,300.0,1,0,,2755.0,216.66666666666666,12.715384615384616,2538.3333333333335,7.9215356321335495,4.189654742026425
LP002297,1,0,0,0,0,2500,20000.0,103.0,360.0,1,1,,22500.0,286.1111111111111,78.64077669902913,22213.88888888889,10.021315031649332,4.6443908991413725
LP002300,0,0,0,1,0,1963,0.0,53.0,360.0,1,1,,1963.0,147.22222222222223,13.333584905660377,1815.7777777777778,7.582738488914411,3.9889840465642745
LP002301,0,0,0,0,1,7441,0.0,194.0,360.0,1,0,,7441.0,538.8888888888889,13.808041237113402,6902.111111111111,8.914894908906568,5.272999558563747
LP002305,0,0,0,0,0,4547,0.0,115.0,360.0,1,1,,4547.0,319.44444444444446,14.234086956521738,4227.555555555556,8.422442854870427,4.7535901911063645
LP002308,1,1,0,1,0,2167,2400.0,115.0,360.0,1,2,,4567.0,319.44444444444446,14.296695652173913,4247.555555555556,8.426830751335846,4.7535901911063645
LP002314,0,0,0,1,0,2213,0.0,66.0,360.0,1,0,,2213.0,183.33333333333334,12.07090909090909,2029.6666666666667,7.7025561132685825,4.204692619390966
LP002315,1,1,1,0,0,8300,0.0,152.0,300.0,0,1,,8300.0,506.6666666666667,16.38157894736842,7793.333333333333,9.024131268455035,5.030437921392435
LP002317,1,1,3,0,0,81000,0.0,360.0,360.0,0,0,,81000.0,1000.0,81.0,80000.0,11.302216779257382,5.8888779583328805
LP002318,0,0,1,1,1,3867,0.0,62.0,360.0,1,1,,3867.0,172.22222222222223,22.453548387096774,3694.777777777778,8.260492856573185,4.143134726391533
LP002319,1,1,0,0,0,6256,0.0,160.0,360.0,1,2,,6256.0,444.44444444444446,14.075999999999999,5811.555555555556,8.741456115998364,5.081404364984463
LP002328,1,1,0,1,0,6096,0.0,218.0,360.0,0,0,,6096.0,605.5555555555555,10.066788990825689,5490.444444444444,8.715552125907816,5.389071729816501
LP002332,1,1,0,1,0,2253,2033.0,110.0,360.0,1,0,,4286.0,305.55555555555554,14.026909090909092,3980.4444444444443,8.363342466597977,4.709530201312334
LP002335,0,1,0,1,0,2149,3237.0,178.0,360.0,0,1,,5386.0,494.44444444444446,10.893033707865168,4891.555555555556,8.591743922680534,5.187385805840755
LP002337,0,0,0,0,0,2995,0.0,60.0,360.0,1,2,,2995.0,166.66666666666666,17.970000000000002,2828.3333333333335,8.005033344637111,4.110873864173311
LP002341,0,0,1,0,0,2600,0.0,160.0,360.0,1,2,,2600.0,444.44444444444446,5.85,2155.5555555555557,7.8636512654486515,5.081404364984463
LP002342,1,1,2,0,1,1600,20000.0,239.0,360.0,1,2,,21600.0,663.8888888888889,32.53556485355649,20936.11111111111,9.980494888896912,5.480638923341991
LP002345,1,1,0,0,0,1025,2773.0,112.0,360.0,1,0,,3798.0,311.1111111111111,12.207857142857144,3486.8888888888887,8.242493153187626,4.727387818712341
LP002347,1,1,0,0,0,3246,1417.0,138.0,360.0,1,1,,4663.0,383.3333333333333,12.164347826086956,4279.666666666667,8.447628728030327,4.9344739331306915
LP002348,1,1,0,0,0,5829,0.0,138.0,360.0,1,0,,5829.0,383.3333333333333,15.20608695652174,5445.666666666667,8.670772279344538,4.9344739331306915
LP002357,0,0,0,1,0,2720,0.0,80.0,360.0,0,2,,2720.0,222.22222222222223,12.24,2497.777777777778,7.908754738783246,4.394449154672439
LP002361,1,1,0,0,0,1820,1719.0,100.0,360.0,1,2,,3539.0,277.77777777777777,12.740400000000001,3261.222222222222,8.17188200612782,4.61512051684126
LP002362,1,1,1,0,0,7250,1667.0,110.0,360.0,0,2,,8917.0,305.55555555555554,29.182909090909092,8611.444444444445,9.095826985187422,4.709530201312334
LP002364,1,1,0,0,0,14880,0.0,96.0,360.0,1,1,,14880.0,266.6666666666667,55.8,14613.333333333334,9.60784051043005,4.574710978503383
LP002366,1,1,0,0,0,2666,4300.0,121.0,360.0,1,0,,6966.0,336.1111111111111,20.725289256198348,6629.888888888889,8.848939995030118,4.804021044733257
LP002367,0,0,1,1,0,4606,0.0,81.0,360.0,1,0,,4606.0,225.0,20.47111111111111,4381.0,8.435332164935916,4.406719247264253
LP002368,1,1,2,0,0,5935,0.0,133.0,360.0,1,1,,5935.0,369.44444444444446,16.06466165413534,5565.555555555556,8.688790784847216,4.897839799950911
LP002369,1,1,0,0,0,2920,16.12000084,87.0,360.0,1,0,,2936.12000084,241.66666666666666,12.14946207244138,2694.4533341733336,7.9851847886683345,4.477336814478207
LP002370,1,0,0,1,0,2717,0.0,60.0,180.0,1,2,,2717.0,333.3333333333333,8.151,2383.6666666666665,7.907651594711089,4.110873864173311
LP002377,0,0,1,0,1,8624,0.0,150.0,360.0,1,1,,8624.0,416.6666666666667,20.697599999999998,8207.333333333334,9.062420241899561,5.017279836814924
LP002379,1,0,0,0,0,6500,0.0,105.0,360.0,0,0,,6500.0,291.6666666666667,22.285714285714285,6208.333333333333,8.77971129020447,4.663439094112067
LP002386,1,0,0,0,0,12876,0.0,405.0,360.0,1,1,,12876.0,1125.0,11.445333333333334,11751.0,9.463198053273784,6.0063531596017325
LP002387,1,1,0,0,0,2425,2340.0,143.0,360.0,1,1,,4765.0,397.22222222222223,11.995804195804196,4367.777777777777,8.469262657658687,4.969813299576001
LP002390,1,0,0,0,0,3750,0.0,100.0,360.0,1,2,,3750.0,277.77777777777777,13.5,3472.222222222222,8.229777750081887,4.61512051684126
LP002393,0,1,0,0,0,10047,0.0,128.0,240.0,1,1,,10047.0,533.3333333333334,18.838124999999998,9513.666666666666,9.21512888870798,4.859812404361672
LP002398,1,0,0,0,0,1926,1851.0,50.0,360.0,1,1,,3777.0,138.88888888888889,27.1944,3638.1111111111113,8.236950048061455,3.9318256327243257
LP002401,1,1,0,0,0,2213,1125.0,128.0,360.0,1,2,,3338.0,355.55555555555554,9.388125,2982.4444444444443,8.113426639943654,4.859812404361672
LP002403,1,0,0,0,1,10416,0.0,187.0,360.0,0,2,,10416.0,519.4444444444445,20.052192513368983,9896.555555555555,9.251194365984448,5.236441962829949
LP002407,0,1,0,1,1,7142,0.0,138.0,360.0,1,0,,7142.0,383.3333333333333,18.631304347826088,6758.666666666667,8.873888135154973,4.9344739331306915
LP002408,1,0,0,0,0,3660,5064.0,187.0,360.0,1,1,,8724.0,519.4444444444445,16.794866310160426,8204.555555555555,9.073947747070628,5.236441962829949
LP002409,1,1,0,0,0,7901,1833.0,180.0,360.0,1,0,,9734.0,500.0,19.468,9234.0,9.1834829178063,5.198497031265826
LP002418,1,0,3,1,0,4707,1993.0,148.0,360.0,1,1,,6700.0,411.1111111111111,16.2972972972973,6288.888888888889,8.81001204797317,5.003946305945459
LP002422,1,0,1,0,0,37719,0.0,152.0,360.0,1,1,,37719.0,422.22222222222223,89.33447368421052,37296.77777777778,10.537945736747394,5.030437921392435
LP002424,1,1,0,0,0,7333,8333.0,175.0,300.0,1,0,,15666.0,583.3333333333334,26.855999999999998,15082.666666666666,9.659311868393488,5.170483995038151
LP002429,1,1,1,0,1,3466,1210.0,130.0,360.0,1,0,,4676.0,361.1111111111111,12.948923076923078,4314.888888888889,8.450412157725886,4.875197323201151
LP002434,1,1,2,1,0,4652,0.0,110.0,360.0,1,0,,4652.0,305.55555555555554,15.224727272727273,4346.444444444444,8.445267451844648,4.709530201312334
LP002435,1,1,0,0,0,3539,1376.0,55.0,360.0,1,0,,4915.0,152.77777777777777,32.17090909090909,4762.222222222223,8.500250470685925,4.02535169073515
LP002443,1,1,2,0,0,3340,1710.0,150.0,360.0,0,0,,5050.0,416.6666666666667,12.12,4633.333333333333,8.527341522468053,5.017279836814924
LP002444,1,0,1,1,1,2769,1542.0,190.0,360.0,1,1,,4311.0,527.7777777777778,8.16821052631579,3783.222222222222,8.369157112588834,5.25227342804663
LP002446,1,1,2,1,0,2309,1255.0,125.0,360.0,0,0,,3564.0,347.22222222222223,10.26432,3216.777777777778,8.178919332848396,4.836281906951478
LP002447,1,1,2,1,0,1958,1456.0,60.0,300.0,1,2,,3414.0,200.0,17.07,3214.0,8.13593277200489,4.110873864173311
LP002448,1,1,0,0,0,3948,1733.0,149.0,360.0,0,0,,5681.0,413.8888888888889,13.725906040268455,5267.111111111111,8.645058562414134,5.0106352940962555
LP002449,1,1,0,0,0,2483,2466.0,90.0,180.0,0,0,,4949.0,500.0,9.898,4449.0,8.507142855562735,4.51085950651685
LP002453,1,0,0,0,1,7085,0.0,84.0,360.0,1,1,,7085.0,233.33333333333334,30.364285714285714,6851.666666666667,8.865876285425417,4.442651256490317
LP002455,1,1,2,0,0,3859,0.0,96.0,360.0,1,1,,3859.0,266.6666666666667,14.47125,3592.3333333333335,8.258422462458876,4.574710978503383
LP002459,1,1,0,0,0,4301,0.0,118.0,360.0,1,2,,4301.0,327.77777777777777,13.121694915254238,3973.222222222222,8.366835309827675,4.77912349311153
LP002467,1,1,0,0,0,3708,2569.0,173.0,360.0,1,2,,6277.0,480.55555555555554,13.061965317919075,5796.444444444444,8.744806737401898,5.159055299214529
LP002472,1,0,2,0,0,4354,0.0,136.0,360.0,1,0,,4354.0,377.77777777777777,11.525294117647059,3976.222222222222,8.379079889286603,4.919980925828125
LP002473,1,1,0,0,0,8334,0.0,160.0,360.0,1,1,,8334.0,444.44444444444446,18.7515,7889.555555555556,9.028218795184895,5.081404364984463
LP002478,1,1,0,0,1,2083,4083.0,160.0,360.0,1,1,,6166.0,444.44444444444446,13.8735,5721.555555555556,8.726967774991493,5.081404364984463
LP002484,1,1,3,0,0,7740,0.0,128.0,180.0,1,2,,7740.0,711.1111111111111,10.884375,7028.888888888889,8.954286157204713,4.859812404361672
LP002487,1,1,0,0,0,3015,2188.0,153.0,360.0,1,0,,5203.0,425.0,12.24235294117647,4778.0,8.557182839632397,5.0369526024136295
LP002489,0,0,1,1,0,5191,0.0,132.0,360.0,1,1,,5191.0,366.6666666666667,14.157272727272726,4824.333333333333,8.554874258383926,4.890349128221754
LP002493,1,0,0,0,0,4166,0.0,98.0,360.0,0,1,,4166.0,272.22222222222223,15.303673469387755,3893.777777777778,8.334951631422454,4.59511985013459
LP002494,1,0,0,0,0,6000,0.0,140.0,360.0,1,0,,6000.0,388.8888888888889,15.428571428571427,5611.111111111111,8.699681400989514,4.948759890378168
LP002500,1,1,3,1,0,2947,1664.0,70.0,180.0,0,2,,4611.0,388.8888888888889,11.856857142857143,4222.111111111111,8.436416881388949,4.2626798770413155
LP002501,1,1,0,0,0,16692,0.0,110.0,360.0,1,1,,16692.0,305.55555555555554,54.62836363636364,16386.444444444445,9.722744748855389,4.709530201312334
LP002502,0,1,2,1,0,210,2917.0,98.0,360.0,1,1,,3127.0,272.22222222222223,11.486938775510204,2854.777777777778,8.048149101665201,4.59511985013459
LP002505,1,1,0,0,0,4333,2451.0,110.0,360.0,1,2,,6784.0,305.55555555555554,22.20218181818182,6478.444444444444,8.82246957226897,4.709530201312334
LP002515,1,1,1,0,1,3450,2079.0,162.0,360.0,1,1,,5529.0,450.0,12.286666666666667,5079.0,8.61794309451638,5.093750200806762
LP002517,1,1,1,1,0,2653,1500.0,113.0,180.0,0,0,,4153.0,627.7777777777778,6.615398230088495,3525.222222222222,8.331827004436057,4.736198448394496
LP002519,1,1,3,0,0,4691,0.0,100.0,360.0,1,1,,4691.0,277.77777777777777,16.8876,4413.222222222223,8.453614209773367,4.61512051684126
LP002522,0,0,0,0,1,2500,0.0,93.0,360.0,1,2,,2500.0,258.3333333333333,9.67741935483871,2241.6666666666665,7.824445930877619,4.543294782270004
LP002524,1,0,2,0,0,5532,4648.0,162.0,360.0,1,0,,10180.0,450.0,22.622222222222224,9730.0,9.228278517107196,5.093750200806762
LP002527,1,1,2,0,1,16525,1014.0,150.0,360.0,1,0,,17539.0,416.6666666666667,42.093599999999995,17122.333333333332,9.772239265926174,5.017279836814924
LP002529,1,1,2,0,0,6700,1750.0,230.0,300.0,1,1,,8450.0,766.6666666666666,11.021739130434783,7683.333333333333,9.042040056544483,5.442417710521793
LP002530,1,1,2,0,0,2873,1872.0,132.0,360.0,0,1,,4745.0,366.6666666666667,12.94090909090909,4378.333333333333,8.465057436995709,4.890349128221754
LP002531,1,1,1,0,1,16667,2250.0,86.0,360.0,1,1,,18917.0,238.88888888888889,79.18744186046511,18678.11111111111,9.847869128773116,4.465908118654584
LP002533,1,1,2,0,0,2947,1603.0,128.0,360.0,1,2,,4550.0,355.55555555555554,12.796875,4194.444444444444,8.423102268016642,4.859812404361672
LP002534,0,0,0,1,0,4350,0.0,154.0,360.0,1,0,,4350.0,427.77777777777777,10.168831168831169,3922.222222222222,8.37816098272068,5.043425116919247
LP002536,1,1,3,1,0,3095,0.0,113.0,360.0,1,0,,3095.0,313.8888888888889,9.86017699115044,2781.1111111111113,8.037866234709618,4.736198448394496
LP002537,1,1,0,0,0,2083,3150.0,128.0,360.0,1,1,,5233.0,355.55555555555554,14.7178125,4877.444444444444,8.562931083090092,4.859812404361672
LP002541,1,1,0,0,0,10833,0.0,234.0,360.0,1,1,,10833.0,650.0,16.666153846153847,10183.0,9.290444616217844,5.459585514144159
LP002543,1,1,2,0,0,8333,0.0,246.0,360.0,1,1,,8333.0,683.3333333333334,12.194634146341462,7649.666666666667,9.0280988119824,5.5093883366279774
LP002544,1,1,1,1,0,1958,2436.0,131.0,360.0,1,0,,4394.0,363.8888888888889,12.075114503816794,4030.1111111111113,8.388222810119277,4.882801922586371
LP002545,1,0,2,0,0,3547,0.0,80.0,360.0,0,0,,3547.0,222.22222222222223,15.9615,3324.777777777778,8.17413934342947,4.394449154672439
LP002547,1,1,1,0,0,18333,0.0,500.0,360.0,1,2,,18333.0,1388.888888888889,13.19976,16944.11111111111,9.816512538521721,6.2166061010848646
LP002555,1,1,2,0,1,4583,2083.0,160.0,360.0,1,1,,6666.0,444.44444444444446,14.9985,6221.555555555556,8.80492526261806,5.081404364984463
LP002556,1,0,0,0,0,2435,0.0,75.0,360.0,1,2,,2435.0,208.33333333333334,11.687999999999999,2226.6666666666665,7.798112628829788,4.330733340286331
LP002560,1,0,0,1,0,2699,2785.0,96.0,360.0,1,1,,5484.0,266.6666666666667,20.564999999999998,5217.333333333333,8.609772372709331,4.574710978503383
LP002562,1,1,1,1,0,5333,1131.0,186.0,360.0,1,2,,6464.0,516.6666666666666,12.510967741935485,5947.333333333333,8.774158291205957,5.231108616854587
LP002571,1,0,0,1,0,3691,0.0,110.0,360.0,1,0,,3691.0,305.55555555555554,12.079636363636364,3385.4444444444443,8.213923595622743,4.709530201312334
LP002582,0,0,0,1,1,17263,0.0,225.0,360.0,1,1,,17263.0,625.0,27.6208,16638.0,9.756378687497916,5.420534999272286
LP002585,1,1,0,0,0,3597,2157.0,119.0,360.0,0,0,,5754.0,330.55555555555554,17.40705882352941,5423.444444444444,8.657824321155983,4.787491742782046
LP002586,0,1,1,0,0,3326,913.0,105.0,84.0,1,1,,4239.0,1250.0,3.3912,2989.0,8.352318548226004,4.663439094112067
LP002587,1,1,0,1,0,2600,1700.0,107.0,360.0,1,0,,4300.0,297.22222222222223,14.467289719626168,4002.777777777778,8.366602832783736,4.68213122712422
LP002588,1,1,0,0,0,4625,2857.0,111.0,12.0,1,2,,7482.0,9250.0,0.8088648648648649,-1768.0,8.920389060080359,4.718498871295094
LP002600,1,1,1,0,1,2895,0.0,95.0,360.0,1,1,,2895.0,263.8888888888889,10.970526315789472,2631.1111111111113,7.971085753505607,4.564348191467836
LP002602,1,0,0,0,0,6283,4416.0,209.0,360.0,0,0,,10699.0,580.5555555555555,18.4288995215311,10118.444444444445,9.277999020449997,5.3471075307174685
LP002603,0,0,0,0,0,645,3683.0,113.0,480.0,1,0,,4328.0,235.41666666666666,18.384424778761062,4092.5833333333335,8.37309184744198,4.736198448394496
LP002606,0,0,0,0,0,3159,0.0,100.0,360.0,1,1,,3159.0,277.77777777777777,11.3724,2881.222222222222,8.058327306580958,4.61512051684126
LP002615,1,1,2,0,0,4865,5624.0,208.0,360.0,1,1,,10489.0,577.7777777777778,18.15403846153846,9911.222222222223,9.258177701390343,5.342334251964811
LP002618,1,1,1,1,0,4050,5302.0,138.0,360.0,1,0,,9352.0,383.3333333333333,24.396521739130435,8968.666666666666,9.143452426434552,4.9344739331306915
LP002619,1,1,0,1,0,3814,1483.0,124.0,300.0,1,1,,5297.0,413.3333333333333,12.815322580645162,4883.666666666667,8.575084669832014,4.8283137373023015
LP002622,1,1,2,0,0,3510,4416.0,243.0,360.0,1,0,,7926.0,675.0,11.742222222222223,7251.0,8.978029932837156,5.497168225293202
LP002624,1,1,0,0,0,20833,6667.0,480.0,360.0,1,2,,27500.0,1333.3333333333333,20.625,26166.666666666668,10.221977646629885,6.175867270105761
LP002625,1,0,0,0,0,3583,0.0,96.0,360.0,1,2,,3583.0,266.6666666666667,13.43625,3316.3333333333335,8.18423477409482,4.574710978503383
LP002626,1,1,0,0,1,2479,3013.0,188.0,360.0,1,2,,5492.0,522.2222222222222,10.516595744680853,4969.777777777777,8.61122983334262,5.241747015059643
LP002634,0,0,1,0,0,13262,0.0,40.0,360.0,1,2,,13262.0,111.11111111111111,119.35799999999999,13150.888888888889,9.492733482494353,3.713572066704308
LP002637,1,0,0,1,0,3598,1287.0,100.0,360.0,1,0,,4885.0,277.77777777777777,17.586000000000002,4607.222222222223,8.494129251817686,4.61512051684126
LP002640,1,1,1,0,0,6065,2004.0,250.0,360.0,1,1,,8069.0,694.4444444444445,11.61936,7374.555555555556,8.995908761263994,5.5254529391317835
LP002643,1,1,2,0,0,3283,2035.0,148.0,360.0,1,2,,5318.0,411.1111111111111,12.935675675675677,4906.888888888889,8.579040594742317,5.003946305945459
LP002648,1,1,0,0,0,2130,6666.0,70.0,180.0,1,1,,8796.0,388.8888888888889,22.61828571428571,8407.111111111111,9.082166033252674,4.2626798770413155
LP002652,1,0,0,0,0,5815,3666.0,311.0,360.0,1,0,,9481.0,863.8888888888889,10.974790996784565,8617.111111111111,9.157150543462064,5.7430031878094825
LP002659,1,1,3,0,0,3466,3428.0,150.0,360.0,1,0,,6894.0,416.6666666666667,16.5456,6477.333333333333,8.838551790227402,5.017279836814924
LP002670,0,1,2,0,0,2031,1632.0,113.0,480.0,1,1,,3663.0,235.41666666666666,15.559646017699116,3427.5833333333335,8.20631072579402,4.736198448394496
LP002682,1,1,0,1,0,3074,1800.0,123.0,360.0,0,1,,4874.0,341.6666666666667,14.265365853658535,4532.333333333333,8.491875383431948,4.820281565605037
LP002683,1,0,0,0,0,4683,1915.0,185.0,360.0,1,1,,6598.0,513.8888888888889,12.83935135135135,6084.111111111111,8.794673401383422,5.225746673713202
LP002684,0,0,0,1,0,3400,0.0,95.0,360.0,1,0,,3400.0,263.8888888888889,12.884210526315789,3136.1111111111113,8.131824785007195,4.564348191467836
LP002689,1,1,2,1,0,2192,1742.0,45.0,360.0,1,1,,3934.0,125.0,31.472,3809.0,8.277666160851503,3.828641396489095
LP002690,1,0,0,0,0,2500,0.0,55.0,360.0,1,1,,2500.0,152.77777777777777,16.363636363636363,2347.222222222222,7.824445930877619,4.02535169073515
LP002692,1,1,3,0,1,5677,1424.0,100.0,360.0,1,0,,7101.0,277.77777777777777,25.5636,6823.222222222223,8.868131713503033,4.61512051684126
LP002693,1,1,2,0,1,7948,7166.0,480.0,360.0,1,0,,15114.0,1333.3333333333333,11.335500000000001,13780.666666666666,9.623442907213558,6.175867270105761
LP002697,1,0,0,0,0,4680,2087.0,128.0,360.0,1,1,,6767.0,355.55555555555554,19.0321875,6411.444444444444,8.81996090128606,4.859812404361672
LP002699,1,1,2,0,1,17500,0.0,400.0,360.0,1,0,,17500.0,1111.111111111111,15.75,16388.88888888889,9.770013301136158,5.993961427306569
LP002705,1,1,0,0,0,3775,0.0,110.0,360.0,1,1,,3775.0,305.55555555555554,12.354545454545455,3469.4444444444443,8.236420527265391,4.709530201312334
LP002706,1,1,1,1,0,5285,1430.0,161.0,360.0,0,1,,6715.0,447.22222222222223,15.014906832298136,6267.777777777777,8.812248018197431,5.087596335232384
LP002714,1,0,1,1,0,2679,1302.0,94.0,360.0,1,1,,3981.0,261.1111111111111,15.246382978723405,3719.8888888888887,8.289539484624141,4.553876891600541
LP002716,1,0,0,1,0,6783,0.0,130.0,360.0,1,1,,6783.0,361.1111111111111,18.78369230769231,6421.888888888889,8.822322177471738,4.875197323201151
LP002717,1,1,0,0,0,1025,5500.0,216.0,360.0,1,0,,6525.0,600.0,10.875,5925.0,8.783549477153265,5.37989735354046
LP002720,1,1,3,0,0,4281,0.0,100.0,360.0,1,2,,4281.0,277.77777777777777,15.4116,4003.222222222222,8.362175469149628,4.61512051684126
LP002723,1,0,2,0,0,3588,0.0,110.0,360.0,0,0,,3588.0,305.55555555555554,11.742545454545455,3282.4444444444443,8.185628891147607,4.709530201312334
LP002729,1,0,1,0,0,11250,0.0,196.0,360.0,1,1,,11250.0,544.4444444444445,20.663265306122447,10705.555555555555,9.328212292571072,5.2832037287379885
LP002731,0,0,0,1,1,18165,0.0,125.0,360.0,1,2,,18165.0,347.22222222222223,52.3152,17817.777777777777,9.80730699406216,4.836281906951478
LP002732,1,0,0,1,0,2550,2042.0,126.0,360.0,1,0,,4592.0,350.0,13.12,4242.0,8.432288684325794,4.844187086458591
LP002734,1,1,0,0,0,6133,3906.0,324.0,360.0,1,2,,10039.0,900.0,11.154444444444444,9139.0,9.214332393245721,5.783825182329737
LP002738,1,0,2,0,0,3617,0.0,107.0,360.0,1,1,,3617.0,297.22222222222223,12.169345794392523,3319.777777777778,8.193676665955241,4.68213122712422
LP002739,1,1,0,1,0,2917,536.0,66.0,360.0,1,0,,3453.0,183.33333333333334,18.834545454545452,3269.6666666666665,8.147288258706624,4.204692619390966
LP002740,1,1,3,0,0,6417,0.0,157.0,180.0,1,0,,6417.0,872.2222222222222,7.357070063694268,5544.777777777777,8.766861821669803,5.062595033026967
LP002741,0,1,1,0,0,4608,2845.0,140.0,180.0,1,1,,7453.0,777.7777777777778,9.58242857142857,6675.222222222223,8.916506080039204,4.948759890378168
LP002743,0,0,0,0,0,2138,0.0,99.0,360.0,0,1,,2138.0,275.0,7.774545454545454,1863.0,7.668093709082406,4.605170185988092
LP002753,0,0,1,0,0,3652,0.0,95.0,360.0,1,1,,3652.0,263.8888888888889,13.839157894736841,3388.1111111111113,8.203304026795282,4.564348191467836
LP002755,1,1,1,1,0,2239,2524.0,128.0,360.0,1,2,,4763.0,355.55555555555554,13.3959375,4407.444444444444,8.46884293047519,4.859812404361672
LP002757,0,1,0,1,0,3017,663.0,102.0,360.0,1,1,,3680.0,283.3333333333333,12.988235294117647,3396.6666666666665,8.210939733379021,4.634728988229636
LP002767,1,1,0,0,0,2768,1950.0,155.0,360.0,1,0,,4718.0,430.55555555555554,10.957935483870967,4287.444444444444,8.459352191726387,5.049856007249537
LP002768,1,0,0,1,0,3358,0.0,80.0,36.0,1,1,,3358.0,2222.222222222222,1.5111,1135.7777777777778,8.119398589612294,4.394449154672439
LP002772,1,0,0,0,0,2526,1783.0,145.0,360.0,1,0,,4309.0,402.77777777777777,10.698206896551724,3906.222222222222,8.368693183097793,4.983606621708336
LP002776,0,0,0,0,0,5000,0.0,103.0,360.0,0,1,,5000.0,286.1111111111111,17.47572815533981,4713.888888888889,8.517393171418904,4.6443908991413725
LP002777,1,1,0,0,0,2785,2016.0,110.0,360.0,1,0,,4801.0,305.55555555555554,15.712363636363637,4495.444444444444,8.4767877767812,4.709530201312334
LP002778,1,1,2,0,1,6633,0.0,128.0,360.0,0,0,,6633.0,355.55555555555554,18.6553125,6277.444444444444,8.799963219506997,4.859812404361672
LP002784,1,1,1,1,0,2492,2375.0,128.0,360.0,1,0,,4867.0,355.55555555555554,13.688437500000001,4511.444444444444,8.490438454107418,4.859812404361672
LP002785,1,1,1,0,0,3333,3250.0,158.0,360.0,1,2,,6583.0,438.8888888888889,14.999240506329112,6144.111111111111,8.792397742356906,5.0689042022202315
LP002788,1,1,0,1,0,2454,2333.0,181.0,360.0,0,2,,4787.0,502.77777777777777,9.52110497237569,4284.222222222223,8.473868066677865,5.204006687076795
LP002789,1,1,0,0,0,3593,4266.0,132.0,180.0,0,0,,7859.0,733.3333333333334,10.716818181818182,7125.666666666667,8.969541885423252,4.890349128221754
LP002792,1,1,1,0,0,5468,1032.0,26.0,360.0,1,1,,6500.0,72.22222222222223,89.99999999999999,6427.777777777777,8.77971129020447,3.295836866004329
LP002794,0,0,0,0,0,2667,1625.0,84.0,360.0,1,2,,4292.0,233.33333333333334,18.394285714285715,4058.6666666666665,8.36474106822456,4.442651256490317
LP002795,1,1,3,0,1,10139,0.0,260.0,360.0,1,1,,10139.0,722.2222222222222,14.038615384615385,9416.777777777777,9.224243277145174,5.564520407322694
LP002798,1,1,0,0,0,3887,2669.0,162.0,360.0,1,1,,6556.0,450.0,14.568888888888889,6106.0,8.788288460263619,5.093750200806762
LP002804,0,1,0,0,0,4180,2306.0,182.0,360.0,1,1,,6486.0,505.55555555555554,12.82945054945055,5980.444444444444,8.777555453213056,5.209486152841421
LP002807,1,1,2,1,0,3675,242.0,108.0,360.0,1,1,,3917.0,300.0,13.056666666666667,3617.0,8.273336598504486,4.6913478822291435
LP002813,0,1,1,0,1,19484,0.0,600.0,360.0,1,1,,19484.0,1666.6666666666667,11.6904,17817.333333333332,9.87740021777281,6.398594934535208
LP002820,1,1,0,0,0,5923,2054.0,211.0,360.0,1,0,,7977.0,586.1111111111111,13.61004739336493,7390.888888888889,8.984443032465352,5.356586274672012
LP002821,1,0,0,1,1,5800,0.0,132.0,360.0,1,1,,5800.0,366.6666666666667,15.818181818181817,5433.333333333333,8.665785595466064,4.890349128221754
LP002832,1,1,2,0,0,8799,0.0,258.0,360.0,0,2,,8799.0,716.6666666666666,12.277674418604652,8082.333333333333,9.082507000466299,5.556828061699537
LP002833,1,1,0,1,0,4467,0.0,120.0,360.0,1,0,,4467.0,333.3333333333333,13.401000000000002,4133.666666666667,8.404696160189092,4.795790545596741
LP002836,1,0,0,0,0,3333,0.0,70.0,360.0,1,2,,3333.0,194.44444444444446,17.141142857142857,3138.5555555555557,8.111928063310739,4.2626798770413155
LP002837,1,1,3,0,0,3400,2500.0,123.0,360.0,0,0,,5900.0,341.6666666666667,17.268292682926827,5558.333333333333,8.682877107057168,4.820281565605037
LP002840,0,0,0,0,0,2378,0.0,9.0,360.0,1,2,,2378.0,25.0,95.12,2353.0,7.774435510302958,2.302585092994046
LP002841,1,1,0,0,0,3166,2064.0,104.0,360.0,0,2,,5230.0,288.8888888888889,18.103846153846153,4941.111111111111,8.562357743370612,4.653960350157523
LP002842,1,1,1,0,0,3417,1750.0,186.0,360.0,1,2,,5167.0,516.6666666666666,10.000645161290324,4650.333333333333,8.550241045462437,5.231108616854587
LP002847,1,1,0,0,0,5116,1451.0,165.0,360.0,0,2,,6567.0,458.3333333333333,14.328000000000001,6108.666666666667,8.789964651132264,5.111987788356544
LP002855,1,1,2,0,0,16666,0.0,275.0,360.0,1,2,,16666.0,763.8888888888889,21.81730909090909,15902.111111111111,9.721185995542177,5.62040086571715
LP002862,1,1,2,1,0,6125,1625.0,187.0,480.0,1,1,,7750.0,389.5833333333333,19.893048128342247,7360.416666666667,8.955577146281511,5.236441962829949
LP002863,1,1,3,0,0,6406,0.0,150.0,360.0,1,1,,6406.0,416.6666666666667,15.3744,5989.333333333333,8.765146421639022,5.017279836814924
LP002868,1,1,2,0,0,3159,461.0,108.0,84.0,1,2,,3620.0,1285.7142857142858,2.8155555555555556,2334.285714285714,8.19450550976564,4.6913478822291435
LP002872,1,1,0,0,0,3087,2210.0,136.0,360.0,0,1,,5297.0,377.77777777777777,14.021470588235294,4919.222222222223,8.575084669832014,4.919980925828125
LP002874,1,0,0,0,0,3229,2739.0,110.0,360.0,1,2,,5968.0,305.55555555555554,19.531636363636366,5662.444444444444,8.69433468816865,4.709530201312334
LP002877,1,1,1,0,0,1782,2232.0,107.0,360.0,1,0,,4014.0,297.22222222222223,13.505046728971962,3716.777777777778,8.297792626380861,4.68213122712422
LP002888,1,0,0,0,0,3182,2917.0,161.0,360.0,1,2,,6099.0,447.22222222222223,13.63751552795031,5651.777777777777,8.716044050161402,5.087596335232384
LP002892,1,1,2,0,0,6540,0.0,205.0,360.0,1,1,,6540.0,569.4444444444445,11.484878048780487,5970.555555555556,8.785845337961213,5.327876168789581
LP002893,1,0,0,0,0,1836,33837.0,90.0,360.0,1,2,,35673.0,250.0,142.692,35423.0,10.482177411118249,4.51085950651685
LP002894,0,1,0,0,0,3166,0.0,36.0,360.0,1,1,,3166.0,100.0,31.66,3066.0,8.06054004653864,3.6109179126442243
LP002898,1,1,1,0,0,1880,0.0,61.0,360.0,1,0,,1880.0,169.44444444444446,11.095081967213114,1710.5555555555557,7.53955882930103,4.127134385045092
LP002911,1,1,1,0,0,2787,1917.0,146.0,360.0,0,0,,4704.0,405.55555555555554,11.598904109589041,4298.444444444444,8.45638105201948,4.990432586778736
LP002912,1,1,1,0,0,4283,3000.0,172.0,84.0,1,0,,7283.0,2047.6190476190477,3.556813953488372,5235.380952380952,8.8934354408475,5.153291594497779
LP002916,1,1,0,0,0,2297,1522.0,104.0,360.0,1,2,,3819.0,288.8888888888889,13.219615384615384,3530.1111111111113,8.24800570160062,4.653960350157523
LP002917,0,0,0,1,0,2165,0.0,70.0,360.0,1,1,,2165.0,194.44444444444446,11.134285714285713,1970.5555555555557,7.680637427560936,4.2626798770413155
LP002925,1,0,0,0,0,4750,0.0,94.0,360.0,1,1,,4750.0,261.1111111111111,18.19148936170213,4488.888888888889,8.46611040118692,4.553876891600541
LP002926,1,1,2,0,1,2726,0.0,106.0,360.0,0,1,,2726.0,294.44444444444446,9.258113207547169,2431.5555555555557,7.910957382845589,4.672828834461906
LP002928,1,1,0,0,0,3000,3416.0,56.0,180.0,1,1,,6416.0,311.1111111111111,20.622857142857143,6104.888888888889,8.766705997750515,4.04305126783455
LP002931,1,1,2,0,1,6000,0.0,205.0,240.0,1,1,,6000.0,854.1666666666666,7.024390243902439,5145.833333333333,8.699681400989514,5.327876168789581
LP002933,1,0,3,0,1,9357,0.0,292.0,360.0,1,1,,9357.0,811.1111111111111,11.536027397260275,8545.888888888889,9.143986871426161,5.680172609017068
LP002936,1,1,0,0,0,3859,3300.0,142.0,180.0,1,0,,7159.0,788.8888888888889,9.074788732394365,6370.111111111111,8.87626525995469,4.962844630259907
LP002938,1,1,0,0,1,16120,0.0,260.0,360.0,1,2,,16120.0,722.2222222222222,22.32,15397.777777777777,9.687878048875998,5.564520407322694
LP002940,1,0,0,1,0,3833,0.0,110.0,360.0,1,0,,3833.0,305.55555555555554,12.544363636363636,3527.4444444444443,8.251663923605589,4.709530201312334
LP002941,1,1,2,1,1,6383,1000.0,187.0,360.0,1,0,,7383.0,519.4444444444445,14.213262032085561,6863.555555555556,8.907070776182689,5.236441962829949
LP002943,1,0,0,0,0,2987,0.0,88.0,360.0,0,1,,2987.0,244.44444444444446,12.219545454545454,2742.5555555555557,8.002359546252707,4.48863636973214
LP002945,1,1,0,0,1,9963,0.0,180.0,360.0,1,0,,9963.0,500.0,19.926,9463.0,9.20673387638207,5.198497031265826
LP002948,1,1,2,0,0,5780,0.0,192.0,360.0,1,2,,5780.0,533.3333333333334,10.837499999999999,5246.666666666667,8.662331957082475,5.262690188904886
LP002949,0,0,3,0,0,416,41667.0,350.0,180.0,1,2,,42083.0,1944.4444444444443,21.642685714285715,40138.555555555555,10.647422899928179,5.860786223465865
LP002950,1,1,0,1,0,2894,2792.0,155.0,360.0,1,0,,5686.0,430.55555555555554,13.206193548387096,5255.444444444444,8.645938147306799,5.049856007249537
LP002953,1,1,3,0,0,5703,0.0,128.0,360.0,1,2,,5703.0,355.55555555555554,16.0396875,5347.444444444444,8.648922962094131,4.859812404361672
LP002958,1,0,0,0,0,3676,4301.0,172.0,360.0,1,0,,7977.0,477.77777777777777,16.69604651162791,7499.222222222223,8.984443032465352,5.153291594497779
LP002959,0,1,1,0,0,12000,0.0,496.0,360.0,1,1,,12000.0,1377.7777777777778,8.709677419354838,10622.222222222223,9.392745258631441,6.208590026096629
LP002960,1,1,0,1,0,2400,3800.0,128.0,180.0,1,2,,6200.0,711.1111111111111,8.71875,5488.888888888889,8.732465848349879,4.859812404361672
LP002961,1,1,1,0,0,3400,2500.0,173.0,360.0,1,1,,5900.0,480.55555555555554,12.277456647398845,5419.444444444444,8.682877107057168,5.159055299214529
LP002964,1,1,2,1,0,3987,1411.0,157.0,360.0,1,0,,5398.0,436.1111111111111,12.377579617834396,4961.888888888889,8.593969030218288,5.062595033026967
LP002974,1,1,0,0,0,3232,1950.0,108.0,360.0,1,0,,5182.0,300.0,17.273333333333333,4882.0,8.553139318189707,4.6913478822291435
LP002978,0,0,0,0,0,2900,0.0,71.0,360.0,1,0,,2900.0,197.22222222222223,14.704225352112676,2702.777777777778,7.972810784121404,4.276666119016055
LP002979,1,1,3,0,0,4106,0.0,40.0,180.0,1,0,,4106.0,222.22222222222223,18.477,3883.777777777778,8.320448113956559,3.713572066704308
LP002983,1,1,1,0,0,8072,240.0,253.0,360.0,1,2,,8312.0,702.7777777777778,11.827351778656126,7609.222222222223,9.025575833531088,5.537334267018537
LP002984,1,1,2,0,0,7583,0.0,187.0,360.0,1,2,,7583.0,519.4444444444445,14.598288770053475,7063.555555555556,8.933796043934858,5.236441962829949
LP002990,0,0,0,0,1,4583,0.0,133.0,360.0,0,1,,4583.0,369.44444444444446,12.405112781954887,4213.555555555556,8.430327258394575,4.897839799950911
